,trans point,distance
0,-0.0046761690422605,0.0386096524131032
1,-0.0046761690422605,0.048512128032008
2,-0.0046761690422605,0.0396599149787446
3,-0.0046761690422605,0.0521130282570642
4,-0.0046761690422605,0.050112528132033
5,-0.0046761690422605,0.0363590897724431
6,-0.0046761690422605,0.0383595898974743
7,-0.0046761690422605,0.0363090772693173
8,-0.0046761690422605,0.0370092523130782
9,-0.0046761690422605,0.0457114278569642
