,trans point,distance
0,0.4799069976749419,0.1084327108177704
1,0.4799069976749419,0.1093727343183579
2,0.4799069976749419,0.0872121803045076
3,0.4799069976749419,0.0866221655541388
4,0.4799069976749419,0.1467236680917023
5,0.4799069976749419,0.125563139078477
6,0.4799069976749419,0.0821420535513388
7,0.4799069976749419,0.084952123803095
8,0.4799069976749419,0.1070226755668892
9,0.4799069976749419,0.1278931973299332
