,trans point,distance
0,5.88216123385845,1.697456058654513
1,5.88216123385845,1.976865286171935
2,5.88216123385845,2.3870788335149777
3,5.88216123385845,1.9694650417781303
4,5.88216123385845,2.4382805244558936
5,5.88216123385845,1.0284339641335576
6,5.88216123385845,2.3932790382773543
7,5.88216123385845,1.683855609498333
8,5.88216123385845,2.2766751874236277
9,5.88216123385845,1.466448429604677
