,trans point,distance
0,0.3546853346667619,0.1559811415101078
1,0.3546853346667619,0.1467104793199514
2,0.3546853346667619,0.1348596328309164
3,0.3546853346667619,0.1735023930280734
4,0.3546853346667619,0.1623115936852632
5,0.3546853346667619,0.1724523180227159
6,0.3546853346667619,0.1765626116151153
7,0.3546853346667619,0.1317094078148439
8,0.3546853346667619,0.1389399242803057
9,0.3546853346667619,0.1209086363311665
