,trans point,distance
0,0.477823359891507,0.0596033225970503
1,0.477823359891507,0.05671469740634
2,0.477823359891507,0.0556568909984743
3,0.477823359891507,0.0449567723342939
4,0.477823359891507,0.0502864892354636
5,0.477823359891507,0.0515477199525343
6,0.477823359891507,0.0519138837091032
7,0.477823359891507,0.0555348364129513
8,0.477823359891507,0.0489845736565519
9,0.477823359891507,0.0571622308865909
