,trans point,distance
0,0.3546956463764251,0.1167477831855456
1,0.3546956463764251,0.10152676845123
2,0.3546956463764251,0.1126875125008333
3,0.3546956463764251,0.0967464497633175
4,0.3546956463764251,0.1001466764450963
5,0.3546956463764251,0.1091872791519434
6,0.3546956463764251,0.0873058203880258
7,0.3546956463764251,0.109847323154877
8,0.3546956463764251,0.08240549369958
9,0.3546956463764251,0.1164677645176345
