,trans point,distance
0,-0.0046448176531332,0.346618837980325
1,-0.0046448176531332,0.3231175607369966
2,-0.0046448176531332,0.2761150062503397
3,-0.0046448176531332,0.2211120169574433
4,-0.0046448176531332,0.3170172291972389
5,-0.0046448176531332,0.3198173813794228
6,-0.0046448176531332,0.3672199576063916
7,-0.0046448176531332,0.3170672319147779
8,-0.0046448176531332,0.2740648948312408
9,-0.0046448176531332,0.2891657155280178
