,trans point,distance
0,0.354710672953279,0.0736005143591942
1,0.354710672953279,0.0768709815687955
2,0.354710672953279,0.065439348478354
3,0.354710672953279,0.0702400342906129
4,0.354710672953279,0.078641234462066
5,0.354710672953279,0.075100728675525
6,0.354710672953279,0.0390655807972568
7,0.354710672953279,0.0647192456065152
8,0.354710672953279,0.052477496785255
9,0.354710672953279,0.063639091298757
