,trans point,distance
0,0.479813990699535,0.0994649732486624
1,0.479813990699535,0.1499274963748187
2,0.479813990699535,0.1067853392669633
3,0.479813990699535,0.1390069503475174
4,0.479813990699535,0.1003250162508125
5,0.479813990699535,0.0942247112355618
6,0.479813990699535,0.1076653832691634
7,0.479813990699535,0.0850242512125606
8,0.479813990699535,0.0968648432421621
9,0.479813990699535,0.1108055402770138
