,trans point,distance
0,0.277675800321486,0.0309497367387033
1,0.277675800321486,0.031452167529916
2,0.277675800321486,0.030266430862654
3,0.277675800321486,0.0367377394534738
4,0.277675800321486,0.0311708062868369
5,0.277675800321486,0.0313918758349705
6,0.277675800321486,0.041922825218789
7,0.277675800321486,0.031411973066619
8,0.277675800321486,0.0387876570816217
9,0.277675800321486,0.0425257421682443
