,trans point,distance
0,-0.0046329701732452,0.0761636006429719
1,-0.0046329701732452,0.0661118056795856
2,-0.0046329701732452,0.073713163064833
3,-0.0046329701732452,0.0923164850866226
4,-0.0046329701732452,0.0655617074477585
5,-0.0046329701732452,0.0646115377746026
6,-0.0046329701732452,0.070762636185033
7,-0.0046329701732452,0.0681121628862296
8,-0.0046329701732452,0.0847651366315413
9,-0.0046329701732452,0.0783639935702804
