,trans point,distance
0,0.4838673828486757,0.0515465827005001
1,0.4838673828486757,0.0494684200777921
2,0.4838673828486757,0.0444156325245416
3,0.4838673828486757,0.0420522318947953
4,0.4838673828486757,0.0482459714761993
5,0.4838673828486757,0.0525652898684941
6,0.4838673828486757,0.0428671976291906
7,0.4838673828486757,0.0567623634006297
8,0.4838673828486757,0.038670124097055
9,0.4838673828486757,0.0538284867568068
