,trans point,distance
0,0.4799034711764933,0.0533472334839183
1,0.4799034711764933,0.0524236457006062
2,0.4799034711764933,0.0564894397467083
3,0.4799034711764933,0.0694698637013012
4,0.4799034711764933,0.0553148770222788
5,0.4799034711764933,0.0706946214139542
6,0.4799034711764933,0.0641090389590332
7,0.4799034711764933,0.0557867099115796
8,0.4799034711764933,0.0562485038032356
9,0.4799034711764933,0.0616595235337271
