,trans point,distance
0,0.4799714265304664,0.0598042717336952
1,0.4799714265304664,0.0603243088792056
2,0.4799714265304664,0.0724851775126794
3,0.4799714265304664,0.0678848489177798
4,0.4799714265304664,0.0683648832059432
5,0.4799714265304664,0.0825258947067647
6,0.4799714265304664,0.0558239874276733
7,0.4799714265304664,0.0751853703835987
8,0.4799714265304664,0.0696449746410457
9,0.4799714265304664,0.0648846346167583
