,trans point,distance
0,0.3546891148524754,0.1215202533755626
1,0.3546891148524754,0.0790631771961993
2,0.3546891148524754,0.104817469578263
3,0.3546891148524754,0.1008668111351892
4,0.3546891148524754,0.1016669444907484
5,0.3546891148524754,0.0822637106184364
6,0.3546891148524754,0.0856642773795632
7,0.3546891148524754,0.121570261710285
8,0.3546891148524754,0.1001166861143523
9,0.3546891148524754,0.0851641940323387
