,trans point,distance
0,0.3546909292957355,0.1234671482150298
1,0.3546909292957355,0.1593721350187525
2,0.3546909292957355,0.1291179330462564
3,0.3546909292957355,0.1128156688428948
4,0.3546909292957355,0.1379191554382552
5,0.3546909292957355,0.1328684539519377
6,0.3546909292957355,0.1530712598972079
7,0.3546909292957355,0.1447701069592998
8,0.3546909292957355,0.1123155993888039
9,0.3546909292957355,0.1272676760661202
