,trans point,distance
0,0.96305357506378,0.159825690268679
1,0.96305357506378,0.1409121677525806
2,0.96305357506378,0.1589366892103443
3,0.96305357506378,0.1475321756335423
4,0.96305357506378,0.1606711912752276
5,0.96305357506378,0.1586556888758201
6,0.96305357506378,0.1657606973341634
7,0.96305357506378,0.1708007033341707
8,0.96305357506378,0.1460311738466355
9,0.96305357506378,0.1481971764252101
