,trans point,distance
0,0.4786848356044505,0.1485185648206025
1,0.4786848356044505,0.1411676459557444
2,0.4786848356044505,0.1335166895861982
3,0.4786848356044505,0.1303662957869733
4,0.4786848356044505,0.1488686085760719
5,0.4786848356044505,0.1087135891986498
6,0.4786848356044505,0.1486685835729466
7,0.4786848356044505,0.0997624703087886
8,0.4786848356044505,0.1156644580572571
9,0.4786848356044505,0.1396174521815226
