,trans point,distance
0,0.3547072704798292,0.1067985166872682
1,0.3547072704798292,0.1116529947185077
2,0.3547072704798292,0.1183683559950556
3,0.3547072704798292,0.1252859871895718
4,0.3547072704798292,0.1338622317114282
5,0.3547072704798292,0.1407394089223508
6,0.3547072704798292,0.1061917069333633
7,0.3547072704798292,0.1474952241824924
8,0.3547072704798292,0.1180851781098999
9,0.3547072704798292,0.1119361726036633
