,trans point,distance
0,0.3546916271316835,0.139817925375048
1,0.3546916271316835,0.1538197204769842
2,0.3546916271316835,0.1314168483138864
3,0.3546916271316835,0.1293165790485959
4,0.3546916271316835,0.144768560071804
5,0.3546916271316835,0.1091139889729452
6,0.3546916271316835,0.1391178356199512
7,0.3546916271316835,0.1164649314014617
8,0.3546916271316835,0.1353673547890755
9,0.3546916271316835,0.1496691883574817
