,trans point,distance
0,-0.0052120575670062,0.3187465094632329
1,-0.0052120575670062,0.2841432969760614
2,-0.0052120575670062,0.2847647915224706
3,-0.0052120575670062,0.255955512064727
4,-0.0052120575670062,0.2410997875844291
5,-0.0052120575670062,0.2411398840067781
6,-0.0052120575670062,0.2880326499439127
7,-0.0052120575670062,0.3396166972958781
8,-0.0052120575670062,0.4144366213990786
9,-0.0052120575670062,0.2919019547005894
