,trans point,distance
0,5.8822969532004565,1.5037320221266135
1,5.8822969532004565,1.2361085257704802
2,5.8822969532004565,1.3985227851435598
3,5.8822969532004565,1.6065410483800155
4,5.8822969532004565,1.2441092282026522
5,5.8822969532004565,1.5453356747739049
6,5.8822969532004565,1.0836951444376153
7,5.8822969532004565,1.1220985161120378
8,5.8822969532004565,1.3561190622530512
9,5.8822969532004565,1.5953400649749758
