,trans point,distance
0,0.9604113933164586,0.1788245722386312
1,0.9604113933164586,0.1912062118598778
2,0.9604113933164586,0.2017142454855855
3,0.9604113933164586,0.0495161584517069
4,0.9604113933164586,0.2170582945865427
5,0.9604113933164586,0.0906426900566081
6,0.9604113933164586,0.1610245152784488
7,0.9604113933164586,0.2076478644731663
8,0.9604113933164586,0.1572429031772901
9,0.9604113933164586,0.190043808140186
