,trans point,distance
0,0.3546849757673667,0.1299699976921301
1,0.3546849757673667,0.1427509808446803
2,0.3546849757673667,0.1366005077313639
3,0.3546849757673667,0.1400207708285252
4,0.3546849757673667,0.1173090237710592
5,0.3546849757673667,0.1591622432494807
6,0.3546849757673667,0.1260396953611816
7,0.3546849757673667,0.1698130625432725
8,0.3546849757673667,0.1478813754904223
9,0.3546849757673667,0.1547219016847449
