,trans point,distance
0,0.4779998164969263,0.0387962198366822
1,0.4779998164969263,0.0358693458115423
2,0.4779998164969263,0.0337095146343701
3,0.4779998164969263,0.0382714010459674
4,0.4779998164969263,0.0492522249747682
5,0.4779998164969263,0.0352436003303055
6,0.4779998164969263,0.0386145517937425
7,0.4779998164969263,0.0359702725020644
8,0.4779998164969263,0.0432571795577576
9,0.4779998164969263,0.0364143499403614
