,trans point,distance
0,0.3546855164454703,0.056266589728794
1,0.3546855164454703,0.0510155799192152
2,0.3546855164454703,0.0503289094056549
3,0.3546855164454703,0.0584073860357761
4,0.3546855164454703,0.0733525678015003
5,0.3546855164454703,0.0553779572994806
6,0.3546855164454703,0.0617195614541258
7,0.3546855164454703,0.0674148874783612
8,0.3546855164454703,0.0634160415464513
9,0.3546855164454703,0.0533179457587997
