,trans point,distance
0,0.9630536970428032,0.0848402651258285
1,0.9630536970428032,0.106967834274482
2,0.9630536970428032,0.086121269128966
3,0.9630536970428032,0.100408813777543
4,0.9630536970428032,0.0941757942993571
5,0.9630536970428032,0.0938067931462286
6,0.9630536970428032,0.0985293079040871
7,0.9630536970428032,0.1030553220478812
8,0.9630536970428032,0.1231438848246401
9,0.9630536970428032,0.1261028940715439
