,trans point,distance
0,0.3546818560711308,0.0461628230063906
1,0.3546818560711308,0.0492136704640177
2,0.3546818560711308,0.0547652125590441
3,0.3546818560711308,0.0461628230063906
4,0.3546818560711308,0.0446123923312031
5,0.3546818560711308,0.0597165879410947
6,0.3546818560711308,0.0570158377327035
7,0.3546818560711308,0.0579661016949152
8,0.3546818560711308,0.0615671019727702
9,0.3546818560711308,0.0477632675743261
