,trans point,distance
0,5.882283365693958,2.9105412491673635
1,5.882283365693958,1.4881210901515045
2,5.882283365693958,1.5594221006533535
3,5.882283365693958,2.130330191754418
4,5.882283365693958,2.233531654360181
5,5.882283365693958,1.563722161595261
6,5.882283365693958,1.42792023696481
7,5.882283365693958,2.332833061693051
8,5.882283365693958,2.3784337079607134
9,5.882283365693958,2.051329072124038
