,trans point,distance
0,0.9604107020535102,0.08680203401017
1,0.9604107020535102,0.1285342426712135
2,0.9604107020535102,0.0949292746463732
3,0.9604107020535102,0.0959972799863999
4,0.9604107020535102,0.0972220861104307
5,0.9604107020535102,0.1104965524827623
6,0.9604107020535102,0.1048541242706213
7,0.9604107020535102,0.120995004975025
8,0.9604107020535102,0.1103653518267591
9,0.9604107020535102,0.1042733213666069
