,trans point,distance
0,0.3547068163458592,0.112796456725814
1,0.3547068163458592,0.1148321680269645
2,0.3547068163458592,0.1084743307613025
3,0.3547068163458592,0.1256625532744644
4,0.3547068163458592,0.1154940249032006
5,0.3547068163458592,0.0999403883116521
6,0.3547068163458592,0.1184924371152399
7,0.3547068163458592,0.1178305802390038
8,0.3547068163458592,0.1087751747959553
9,0.3547068163458592,0.1005721607844229
