,trans point,distance
0,0.4800163298632374,0.0307817922024902
1,0.4800163298632374,0.0307409675443968
2,0.4800163298632374,0.0325372525005103
3,0.4800163298632374,0.0341702388242498
4,0.4800163298632374,0.0317207593386405
5,0.4800163298632374,0.0367421922841396
6,0.4800163298632374,0.0296387017758726
7,0.4800163298632374,0.0372729128393549
8,0.4800163298632374,0.0358032251479893
9,0.4800163298632374,0.0355991018575219
