,trans point,distance
0,0.2877931814678629,0.1009691077511398
1,0.2877931814678629,0.1259809073687307
2,0.2877931814678629,0.1093865403147521
3,0.2877931814678629,0.093233086395058
4,0.2877931814678629,0.1018910170319164
5,0.2877931814678629,0.0982033799088101
6,0.2877931814678629,0.0983637119576408
7,0.2877931814678629,0.11511841106045
8,0.2877931814678629,0.1046166618620385
9,0.2877931814678629,0.1203292026474481
