,trans point,distance
0,0.2878405909253305,0.0363422856734548
1,0.2878405909253305,0.0453474538049303
2,0.2878405909253305,0.0326437344765987
3,0.2878405909253305,0.034613615005359
4,0.2878405909253305,0.0420509190425151
5,0.2878405909253305,0.0398800302965344
6,0.2878405909253305,0.0358598659521257
7,0.2878405909253305,0.0441816061450518
8,0.2878405909253305,0.0455886636655948
9,0.2878405909253305,0.034613615005359
