,trans point,distance
0,0.4742053445850914,0.0591998749804656
1,0.4742053445850914,0.0637912173777152
2,0.4742053445850914,0.0601343959993749
3,0.4742053445850914,0.0568838881075168
4,0.4742053445850914,0.0499359274886701
5,0.4742053445850914,0.0634255352398812
6,0.4742053445850914,0.0520487576183779
7,0.4742053445850914,0.0512767619940616
8,0.4742053445850914,0.0681794030317237
9,0.4742053445850914,0.0574527269885919
