,trans point,distance
0,-0.0046391635413114,0.1741197863393567
1,-0.0046391635413114,0.1489669280600068
2,-0.0046391635413114,0.1470667121263779
3,-0.0046391635413114,0.1433162859415842
4,-0.0046391635413114,0.1361154676667803
5,-0.0046391635413114,0.1706693942493465
6,-0.0046391635413114,0.1217638367996363
7,-0.0046391635413114,0.1236140470508012
8,-0.0046391635413114,0.1824707353108307
9,-0.0046391635413114,0.1663188998749858
