,trans point,distance
0,0.3546907532149418,0.0385793018983465
1,0.3546907532149418,0.033710961420698
2,0.3546907532149418,0.0356093080220453
3,0.3546907532149418,0.0306797305572565
4,0.3546907532149418,0.0349663196570728
5,0.3546907532149418,0.0365278628291487
6,0.3546907532149418,0.0342620943049601
7,0.3546907532149418,0.0329454990814451
8,0.3546907532149418,0.0434170238824249
9,0.3546907532149418,0.0357624004898958
