,trans point,distance
0,0.479805905674892,0.1037765548257293
1,0.479805905674892,0.0732149831350967
2,0.479805905674892,0.0738990472809042
3,0.479805905674892,0.086292680040239
4,0.479805905674892,0.1129108231256287
5,0.479805905674892,0.0846227587431209
6,0.479805905674892,0.1101745665423989
7,0.479805905674892,0.1049233682466418
8,0.479805905674892,0.0701568140126635
9,0.479805905674892,0.092630333155808
