,trans point,distance
0,-0.0061069217292898,0.4106308012056714
1,-0.0061069217292898,0.350614914199284
2,-0.0061069217292898,0.318339481387175
3,-0.0061069217292898,0.320331668462116
4,-0.0061069217292898,0.3177988879095529
5,-0.0061069217292898,0.2631689136987345
6,-0.0061069217292898,0.3255173614511584
7,-0.0061069217292898,0.3102205682325162
8,-0.0061069217292898,0.4119822848997269
9,-0.0061069217292898,0.2861841804589822
