,trans point,distance
0,0.961252262138341,0.1047377772470572
1,0.961252262138341,0.1263790345327384
2,0.961252262138341,0.112906098869085
3,0.961252262138341,0.092045343649439
4,0.961252262138341,0.1133316999956763
5,0.961252262138341,0.1373361635369034
6,0.961252262138341,0.1222707236577977
7,0.961252262138341,0.1105001925005095
8,0.961252262138341,0.1344703559509421
9,0.961252262138341,0.1185411137853011
