,trans point,distance
0,0.3546966511103133,0.1279665623878147
1,0.3546966511103133,0.116045951074414
2,0.3546966511103133,0.1274865377711677
3,0.3546966511103133,0.1363069901020565
4,0.3546966511103133,0.1543479152777065
5,0.3546966511103133,0.1360069747166521
6,0.3546966511103133,0.1317867582952971
7,0.3546966511103133,0.1405672085747987
8,0.3546966511103133,0.1653884814605877
9,0.3546966511103133,0.1442673983281193
