,trans point,distance
0,0.4799009373334587,0.0924217060095927
1,0.4799009373334587,0.1046001442051474
2,0.4799009373334587,0.0680146713063105
3,0.4799009373334587,0.0969961440797517
4,0.4799009373334587,0.0912981598169221
5,0.4799009373334587,0.0801028245399542
6,0.4799009373334587,0.1110003448383961
7,0.4799009373334587,0.0851086240947991
8,0.4799009373334587,0.074555315213643
9,0.4799009373334587,0.0719370513182231
