,trans point,distance
0,5.882342127323833,1.3190650426549633
1,5.882342127323833,0.94844676759209
2,5.882342127323833,1.2830632674194984
3,5.882342127323833,1.223260318556142
4,5.882342127323833,1.0988541841313673
5,5.882342127323833,1.2432613047980672
6,5.882342127323833,1.284663346318852
7,5.882342127323833,1.2658624192514427
8,5.882342127323833,1.189658661669708
9,5.882342127323833,0.9734480003944972
