,trans point,distance
0,0.9596009804752024,0.0812046821396806
1,0.9596009804752024,0.1052068950912709
2,0.9596009804752024,0.1015798780229554
3,0.9596009804752024,0.1348431345559272
4,0.9596009804752024,0.1295475096353394
5,0.9596009804752024,0.0906313265003598
6,0.9596009804752024,0.0987061644995975
7,0.9596009804752024,0.1112306234382279
8,0.9596009804752024,0.1252958896277159
9,0.9596009804752024,0.1271264982423446
