,trans point,distance
0,0.2878330322716504,0.0558065059226112
1,0.2878330322716504,0.0547626432219005
2,0.2878330322716504,0.0504265981574098
3,0.2878330322716504,0.0446452047380889
4,0.2878330322716504,0.0624711677809949
5,0.2878330322716504,0.0488206555409318
6,0.2878330322716504,0.0481782784943406
7,0.2878330322716504,0.0499448153724664
8,0.2878330322716504,0.0607046309028691
9,0.2878330322716504,0.0468132272703342
