,trans point,distance
0,5.88227106190981,0.7480184422692862
1,5.88227106190981,0.832120515791809
2,5.88227106190981,1.393434354890406
3,5.88227106190981,0.9785241253482582
4,5.88227106190981,0.9280228802485267
5,5.88227106190981,0.9482233782884188
6,5.88227106190981,1.182929164920239
7,5.88227106190981,0.896122093739983
8,5.88227106190981,0.9771240908306416
9,5.88227106190981,1.1658287433122112
