,trans point,distance
0,0.3546879051676236,0.078214484163734
1,0.3546879051676236,0.0995684385997406
2,0.3546879051676236,0.1015187997777366
3,0.3546879051676236,0.0739636969809224
4,0.3546879051676236,0.0801648453417299
5,0.3546879051676236,0.0699129468420078
6,0.3546879051676236,0.0707631042785701
7,0.3546879051676236,0.0917169846267827
8,0.3546879051676236,0.0714132246712354
9,0.3546879051676236,0.0941674384145212
