,trans point,distance
0,5.88218309478801,1.5634220901971378
1,5.88218309478801,1.9555279503105591
2,5.88218309478801,0.925249797461518
3,5.88218309478801,2.031048339184445
4,5.88218309478801,1.720964623278423
5,5.88218309478801,1.5629219551714826
6,5.88218309478801,1.6764526059951388
7,5.88218309478801,0.9747631650013506
8,5.88218309478801,2.3031217931406966
9,5.88218309478801,1.6854550364569274
