,trans point,distance
0,0.3546834683468347,0.1075607560756075
1,0.3546834683468347,0.0855385538553855
2,0.3546834683468347,0.083048304830483
3,0.3546834683468347,0.0816981698169816
4,0.3546834683468347,0.0982898289828982
5,0.3546834683468347,0.1089708970897089
6,0.3546834683468347,0.0999399939993999
7,0.3546834683468347,0.0905490549054905
8,0.3546834683468347,0.1249024902490248
9,0.3546834683468347,0.1034203420342034
