,trans point,distance
0,0.3547103832471978,0.0295892341767903
1,0.3547103832471978,0.0384287536076246
2,0.3547103832471978,0.0350057050808779
3,0.3547103832471978,0.0338881804147929
4,0.3547103832471978,0.0368279750318813
5,0.3547103832471978,0.0366467548157594
6,0.3547103832471978,0.0369185851399422
7,0.3547103832471978,0.0402308879790589
8,0.3547103832471978,0.0374219746291697
9,0.3547103832471978,0.0415799718101885
