,trans point,distance
0,0.2776436396692096,0.1114942166805564
1,0.2776436396692096,0.1180055590742996
2,0.2776436396692096,0.1482582575806141
3,0.2776436396692096,0.1450326387332521
4,0.2776436396692096,0.1179254194756074
5,0.2776436396692096,0.1006753708571062
6,0.2776436396692096,0.1422678225783704
7,0.2776436396692096,0.1352355727931277
8,0.2776436396692096,0.1058043051734085
9,0.2776436396692096,0.1277024505160587
