,trans point,distance
0,5.882209265835328,0.6536619043686507
1,5.882209265835328,1.981490791972912
2,5.882209265835328,2.0345039227021218
3,5.882209265835328,1.067264348831447
4,5.882209265835328,2.0585098686927075
5,5.882209265835328,1.8334541250309684
6,5.882209265835328,1.394845486827979
7,5.882209265835328,1.6639121314724576
8,5.882209265835328,1.8244518952844988
9,5.882209265835328,1.7729391361797004
