,trans point,distance
0,0.4793224280952012,0.0732289324753857
1,0.4793224280952012,0.0549468951081479
2,0.4793224280952012,0.054402666873401
3,0.4793224280952012,0.0663152182339716
4,0.4793224280952012,0.0537374990309326
5,0.4793224280952012,0.0688146367935499
6,0.4793224280952012,0.0713745251569889
7,0.4793224280952012,0.0513590200790758
8,0.4793224280952012,0.0539390650438018
9,0.4793224280952012,0.0530320179858904
