,trans point,distance
0,0.2925361103501346,0.0607807175067333
1,0.2925361103501346,0.0559366166987302
2,0.2925361103501346,0.0462994056175452
3,0.2925361103501346,0.0512454874951904
4,0.2925361103501346,0.04558553813005
5,0.2925361103501346,0.0534380804924971
6,0.2925361103501346,0.0397216266256252
7,0.2925361103501346,0.053387089957676
8,0.2925361103501346,0.057619304347826
9,0.2925361103501346,0.0654718467102731
