,trans point,distance
0,5.882250478418031,2.3955092494152663
1,5.882250478418031,2.361502019987242
2,5.882250478418031,1.878399319583244
3,5.882250478418031,1.641348926217308
4,5.882250478418031,1.3992974697001914
5,5.882250478418031,2.7140769721454387
6,5.882250478418031,2.97763300021263
7,5.882250478418031,2.5810486923240483
8,5.882250478418031,2.037433127790772
9,5.882250478418031,2.515034658728471
