,trans point,distance
0,-0.0047536502433495,0.1902526835122341
1,-0.0047536502433495,0.2158943929595306
2,-0.0047536502433495,0.1970931395426361
3,-0.0047536502433495,0.225575038335889
4,-0.0047536502433495,0.2015734382292152
5,-0.0047536502433495,0.2586172411494099
6,-0.0047536502433495,0.2456563770918061
7,-0.0047536502433495,0.2334155610374024
8,-0.0047536502433495,0.1972931528768584
9,-0.0047536502433495,0.2706580438695912
