,trans point,distance
0,0.4799057109182471,0.0554819814993392
1,0.4799057109182471,0.0714025500910746
2,0.4799057109182471,0.0779427836708454
3,0.4799057109182471,0.0697024893746205
4,0.4799057109182471,0.0735326261652201
5,0.4799057109182471,0.0645123040108575
6,0.4799057109182471,0.0723125825922354
7,0.4799057109182471,0.083062966534519
8,0.4799057109182471,0.0849130326083074
9,0.4799057109182471,0.0738426372370442
