,trans point,distance
0,0.4798010476744802,0.1166400338642256
1,0.4798010476744802,0.104053124503942
2,0.4798010476744802,0.0696904598126885
3,0.4798010476744802,0.1361034975395524
4,0.4798010476744802,0.1241197946981322
5,0.4798010476744802,0.0904005502936663
6,0.4798010476744802,0.0982020212709667
7,0.4798010476744802,0.1158960791576274
8,0.4798010476744802,0.0915466426795069
9,0.4798010476744802,0.1329467167575004
