,trans point,distance
0,5.8819237191029625,0.583286298903257
1,5.8819237191029625,0.8259053854968075
2,5.8819237191029625,0.6283083974463901
3,5.8819237191029625,0.8929382877721395
4,5.8819237191029625,0.8674257652643638
5,5.8819237191029625,0.6313098706825988
6,5.8819237191029625,0.5932912096906202
7,5.8819237191029625,0.6398140448518577
8,5.8819237191029625,0.7108489114421346
9,5.8819237191029625,0.7178523489932882
