,trans point,distance
0,0.2878035276110723,0.0776139077925098
1,0.2878035276110723,0.054337761712026
2,0.2878035276110723,0.0642501894394044
3,0.2878035276110723,0.0641699268667131
4,0.2878035276110723,0.0587923344963944
5,0.2878035276110723,0.0623238876948127
6,0.2878035276110723,0.0746040613165852
7,0.2878035276110723,0.0614409993952081
8,0.2878035276110723,0.0559028818795068
9,0.2878035276110723,0.0589929909281227
