,trans point,distance
0,0.3546761800219539,0.1020307354555434
1,0.3546761800219539,0.1189754848152213
2,0.3546761800219539,0.1299634101719722
3,0.3546761800219539,0.1116502012440541
4,0.3546761800219539,0.0951884376143432
5,0.3546761800219539,0.1050091474570069
6,0.3546761800219539,0.1075045737285035
7,0.3546761800219539,0.090801317233809
8,0.3546761800219539,0.101869740212221
9,0.3546761800219539,0.1324588364434687
