,trans point,distance
0,-0.0061078660878656,0.0832618923157345
1,-0.0061078660878656,0.1378031318893611
2,-0.0061078660878656,0.1389731584808746
3,-0.0061078660878656,0.1298429509761585
4,-0.0061078660878656,0.1146326052864838
5,-0.0061078660878656,0.1467033341666856
6,-0.0061078660878656,0.1177726766517421
7,-0.0061078660878656,0.13306302415964
8,-0.0061078660878656,0.1347130616604923
9,-0.0061078660878656,0.1515334439419078
