,trans point,distance
0,0.4799032419835393,0.1053629900587038
1,0.4799032419835393,0.086858019410602
2,0.4799032419835393,0.0991645771261689
3,0.4799032419835393,0.091381456680138
4,0.4799032419835393,0.0716428213221628
5,0.4799032419835393,0.0801179975810496
6,0.4799032419835393,0.082334582141066
7,0.4799032419835393,0.0899873152600371
8,0.4799032419835393,0.0847216732056992
9,0.4799032419835393,0.0786335880114457
