,trans point,distance
0,5.882278874709768,2.1459386238053244
1,5.882278874709768,1.1194201479508274
2,5.882278874709768,1.368624633272737
3,5.882278874709768,1.434925826598751
4,5.882278874709768,1.9360348458395584
5,5.882278874709768,1.3649245666768666
6,5.882278874709768,1.375824762864703
7,5.882278874709768,1.2970233445526371
8,5.882278874709768,0.8422151586601627
9,5.882278874709768,1.3345240195107904
