,trans point,distance
0,0.963053571651786,0.1958307225349119
1,0.963053571651786,0.1388426577757474
2,0.963053571651786,0.1629431851627104
3,0.963053571651786,0.155921177183156
4,0.963053571651786,0.164052186422939
5,0.963053571651786,0.1619431840263455
6,0.963053571651786,0.1932842196411587
7,0.963053571651786,0.1572701787161122
8,0.963053571651786,0.1367956554496084
9,0.963053571651786,0.1345496528973327
