,trans point,distance
0,0.4784428433164857,0.0604323045488762
1,0.4784428433164857,0.0660027959995698
2,0.4784428433164857,0.0619378427787934
3,0.4784428433164857,0.0720249489192386
4,0.4784428433164857,0.0812087321217335
5,0.4784428433164857,0.0657317991181847
6,0.4784428433164857,0.0563372405635014
7,0.4784428433164857,0.079763415421013
8,0.4784428433164857,0.077745994192924
9,0.4784428433164857,0.0845510269921497
