,trans point,distance
0,0.3546715328467153,0.0438767234387671
1,0.3546715328467153,0.031184103811841
2,0.3546715328467153,0.0298864557988645
3,0.3546715328467153,0.0372668288726682
4,0.3546715328467153,0.0335360908353609
5,0.3546715328467153,0.0307380373073803
6,0.3546715328467153,0.0424979724249797
7,0.3546715328467153,0.0375101378751013
8,0.3546715328467153,0.0388077858880778
9,0.3546715328467153,0.0290754257907542
