,trans point,distance
0,0.3547104798722582,0.0252525422304395
1,0.3547104798722582,0.0228220858895705
2,0.3547104798722582,0.0185763509538616
3,0.3547104798722582,0.0215312211110177
4,0.3547104798722582,0.0202302714513825
5,0.3547104798722582,0.0253735608034288
6,0.3547104798722582,0.0194739053701991
7,0.3547104798722582,0.0257063618791495
8,0.3547104798722582,0.0205731574081856
9,0.3547104798722582,0.019675602991848
