,trans point,distance
0,-0.0061053052652632,0.048062403120156
1,-0.0061053052652632,0.0489824491224561
2,-0.0061053052652632,0.0494324716235811
3,-0.0061053052652632,0.0510125506275313
4,-0.0061053052652632,0.0387919395969798
5,-0.0061053052652632,0.0446722336116805
6,-0.0061053052652632,0.0447022351117555
7,-0.0061053052652632,0.0423721186059303
8,-0.0061053052652632,0.0540827041352067
9,-0.0061053052652632,0.0415420771038552
