,trans point,distance
0,-0.0049112952941982,0.1341187752585793
1,-0.0049112952941982,0.1216412083019385
2,-0.0049112952941982,0.132943352284403
3,-0.0049112952941982,0.1628111514487293
4,-0.0049112952941982,0.1468073155695596
5,-0.0049112952941982,0.1616658675251729
6,-0.0049112952941982,0.1388204671552846
7,-0.0049112952941982,0.1279101308308788
8,-0.0049112952941982,0.1204055072265223
9,-0.0049112952941982,0.1353544763339955
