,trans point,distance
0,0.2712771112028255,0.0907420311123457
1,0.2712771112028255,0.1105840213500535
2,0.2712771112028255,0.1034990278661851
3,0.2712771112028255,0.0875653084328743
4,0.2712771112028255,0.0921650425334338
5,0.2712771112028255,0.1069363019326163
6,0.2712771112028255,0.0812619691098853
7,0.2712771112028255,0.0876254356760188
8,0.2712771112028255,0.0978771306321679
9,0.2712771112028255,0.0896196559069804
