,trans point,distance
0,0.2776658306490259,0.0642617124283779
1,0.2776658306490259,0.0673905598499843
2,0.2776658306490259,0.0800463465360975
3,0.2776658306490259,0.0674306732784665
4,0.2776658306490259,0.0802469136785082
5,0.2776658306490259,0.0775593139702052
6,0.2776658306490259,0.0691956641316804
7,0.2776658306490259,0.0725050219814564
8,0.2776658306490259,0.0630181961454318
9,0.2776658306490259,0.0674507299927076
