,trans point,distance
0,0.2776812671010759,0.0399641697226852
1,0.2776812671010759,0.0367509701469919
2,0.2776812671010759,0.0523751530838005
3,0.2776812671010759,0.0366706401575996
4,0.2776812671010759,0.053700597908774
5,0.2776812671010759,0.0382973224427943
6,0.2776812671010759,0.046450816366116
7,0.2776812671010759,0.0401850771935141
8,0.2776812671010759,0.0375341875435671
9,0.2776812671010759,0.0443421541445673
