,trans point,distance
0,0.9621301827358316,0.1294293806746491
1,0.9621301827358316,0.1113747275727281
2,0.9621301827358316,0.1074519160350471
3,0.9621301827358316,0.0949328792143506
4,0.9621301827358316,0.1064643131303328
5,0.9621301827358316,0.1201569534028041
6,0.9621301827358316,0.1189581498769114
7,0.9621301827358316,0.1043019067703141
8,0.9621301827358316,0.1076541166297548
9,0.9621301827358316,0.1065063132538626
