,trans point,distance
0,-0.0052118782544281,0.289395411664742
1,-0.0052118782544281,0.4207838950739667
2,-0.0052118782544281,0.3052101352970652
3,-0.0052118782544281,0.1809372753219024
4,-0.0052118782544281,0.3411891326608422
5,-0.0052118782544281,0.2231900477134577
6,-0.0052118782544281,0.3750033769798905
7,-0.0052118782544281,0.2866092943201376
8,-0.0052118782544281,0.2080167323906838
9,-0.0052118782544281,0.3365790104359571
