,trans point,distance
0,0.9604114013713378,0.1702853676178921
1,0.9604114013713378,0.1661005536685122
2,0.9604114013713378,0.1564245214150714
3,0.9604114013713378,0.1870062233540779
4,0.9604114013713378,0.1423572745242485
5,0.9604114013713378,0.1844902149673832
6,0.9604114013713378,0.2151055170183899
7,0.9604114013713378,0.190112633708779
8,0.9604114013713378,0.1990518635062117
9,0.9604114013713378,0.1869006230020766
