,trans point,distance
0,0.9596008668824272,0.2092712859596005
1,0.9596008668824272,0.164933561813973
2,0.9596008668824272,0.1246071489000167
3,0.9596008668824272,0.1814558080762626
4,0.9596008668824272,0.262246334289736
5,0.9596008668824272,0.2278185378919061
6,0.9596008668824272,0.1911263351537383
7,0.9596008668824272,0.21430230004644
8,0.9596008668824272,0.2161248051494543
9,0.9596008668824272,0.2208813184676915
