,trans point,distance
0,0.4810470312832517,0.046631198127261
1,0.4810470312832517,0.0648648648648648
2,0.4810470312832517,0.047039795701213
3,0.4810470312832517,0.0501553522025962
4,0.4810470312832517,0.0481123643328367
5,0.4810470312832517,0.0444860608640135
6,0.4810470312832517,0.0491849329644605
7,0.4810470312832517,0.0490827835709725
8,0.4810470312832517,0.0607788891253457
9,0.4810470312832517,0.0650180889550968
