,trans point,distance
0,5.882284248939738,1.0545039944767725
1,5.882284248939738,0.4948488016569685
2,5.882284248939738,0.8308819410198245
3,5.882284248939738,0.849283755794457
4,5.882284248939738,1.3961376861623431
5,5.882284248939738,0.9492936187000688
6,5.882284248939738,0.9252912516027224
7,5.882284248939738,1.0937078607357726
8,5.882284248939738,1.1929176447381398
9,5.882284248939738,0.7052695532103757
