,trans point,distance
0,-0.0047513410310028,0.141932902991181
1,-0.0047513410310028,0.1391726520592781
2,-0.0047513410310028,0.1248513501227384
3,-0.0047513410310028,0.1676552413855805
4,-0.0047513410310028,0.1420529139012637
5,-0.0047513410310028,0.1400527320665515
6,-0.0047513410310028,0.1657350668242567
7,-0.0047513410310028,0.181136466951541
8,-0.0047513410310028,0.132132012001091
9,-0.0047513410310028,0.1404927720701882
