,trans point,distance
0,0.9621301035501726,0.1075339792232987
1,0.9621301035501726,0.1193833989723316
2,0.9621301035501726,0.1129963883273139
3,0.9621301035501726,0.1345742242903738
4,0.9621301035501726,0.1207424012373354
5,0.9621301035501726,0.1406792344653908
6,0.9621301035501726,0.1130773884623141
7,0.9621301035501726,0.1228292047153412
8,0.9621301035501726,0.1158379930633217
9,0.9621301035501726,0.1410338350563917
