,trans point,distance
0,0.2923468245559579,0.1140033012588377
1,0.2923468245559579,0.1094633467839282
2,0.2923468245559579,0.1001816620796689
3,0.2923468245559579,0.1225283268839455
4,0.2923468245559579,0.1401837053974823
5,0.2923468245559579,0.1364508539403345
6,0.2923468245559579,0.1278753843766166
7,0.2923468245559579,0.1137006376271771
8,0.2923468245559579,0.1129944224866356
9,0.2923468245559579,0.1104722255561303
