,trans point,distance
0,5.8823334656159645,2.626948920006803
1,5.8823334656159645,1.6616942003514934
2,5.8823334656159645,1.115263223538749
3,5.8823334656159645,1.02925834797891
4,5.8823334656159645,2.9293660638358183
5,5.8823334656159645,2.494941436589376
6,5.8823334656159645,2.5901468337207323
7,5.8823334656159645,2.1845238392199104
8,5.8823334656159645,1.193267645558138
9,5.8823334656159645,2.735355065479902
