,trans point,distance
0,5.882116514392377,0.8736575302092549
1,5.882116514392377,0.6490885155712744
2,5.882116514392377,0.6707047843599572
3,5.882116514392377,0.8364295117398566
4,5.882116514392377,0.7403572060123791
5,5.882116514392377,0.3707790549169862
6,5.882116514392377,0.6523910010806562
7,5.882116514392377,0.9225943609391888
8,5.882116514392377,0.8967749287749287
9,5.882116514392377,0.5169890951959921
