,trans point,distance
0,0.4785840242137124,0.1001131727858929
1,0.4785840242137124,0.0985129622318726
2,0.4785840242137124,0.1241163310961969
3,0.4785840242137124,0.1305171733122779
4,0.4785840242137124,0.1242163442558231
5,0.4785840242137124,0.1381681800236873
6,0.4785840242137124,0.1139149888143177
7,0.4785840242137124,0.1020634293986051
8,0.4785840242137124,0.100513225424398
9,0.4785840242137124,0.136918015528359
