,trans point,distance
0,0.2712885630859898,0.0329565168318599
1,0.2712885630859898,0.0378095648897222
2,0.2712885630859898,0.0375483242075185
3,0.2712885630859898,0.0264254997767657
4,0.2712885630859898,0.033428759603536
5,0.2712885630859898,0.028756570479507
6,0.2712885630859898,0.0284249957674792
7,0.2712885630859898,0.0336096185373693
8,0.2712885630859898,0.0312986432717206
9,0.2712885630859898,0.0259231138494508
