,trans point,distance
0,5.882280618900576,1.3088216119817035
1,5.882280618900576,2.3626390131937445
2,5.882280618900576,1.0799178321967
3,5.882280618900576,1.3680225895407778
4,5.882280618900576,0.9187151703297608
5,5.882280618900576,1.794029624003039
6,5.882280618900576,1.0661176043197544
7,5.882280618900576,2.151135520731848
8,5.882280618900576,2.525841708086329
9,5.882280618900576,2.6178432272659715
