,trans point,distance
0,5.88216723877523,1.7493468808641133
1,5.88216723877523,2.0644093551192277
2,5.88216723877523,1.1231227058446611
3,5.88216723877523,1.2974572749324915
4,5.88216723877523,2.122920957480892
5,5.88216723877523,1.2842546569637054
6,5.88216723877523,2.4598877751842188
7,5.88216723877523,2.2192400567531694
8,5.88216723877523,1.870270859078218
9,5.88216723877523,2.395374982836743
