,trans point,distance
0,-0.0049302264779894,0.4094133795222066
1,-0.0049302264779894,0.2273015458021503
2,-0.0049302264779894,0.3035197228667603
3,-0.0049302264779894,0.3659374489362397
4,-0.0049302264779894,0.3500022876564593
5,-0.0049302264779894,0.3901408542762835
6,-0.0049302264779894,0.2991601032713487
7,-0.0049302264779894,0.3100441190888591
8,-0.0049302264779894,0.3713794568449949
9,-0.0049302264779894,0.3488898330010784
