,trans point,distance
0,0.961252228952061,0.1419427988269449
1,0.961252228952061,0.1607896385045021
2,0.961252228952061,0.104811920656675
3,0.961252228952061,0.1250454632536067
4,0.961252228952061,0.1524001208423596
5,0.961252228952061,0.1415997981048381
6,0.961252228952061,0.1343190827770163
7,0.961252228952061,0.1356063854871273
8,0.961252228952061,0.1391721929940904
9,0.961252228952061,0.1154295430095643
