,trans point,distance
0,0.9596008490021224,0.1669756174390436
1,0.9596008490021224,0.176821642054105
2,0.9596008490021224,0.1665148162870408
3,0.9596008490021224,0.0943409358523396
4,0.9596008490021224,0.2035895089737723
5,0.9596008490021224,0.2126912317280792
6,0.9596008490021224,0.1727608319020798
7,0.9596008490021224,0.2017949044872612
8,0.9596008490021224,0.2046524116310289
9,0.9596008490021224,0.1425216563041406
