,trans point,distance
0,0.2924752273021477,0.0784709392174169
1,0.2924752273021477,0.0657815894086496
2,0.2924752273021477,0.0600460032950868
3,0.2924752273021477,0.0729891401000294
4,0.2924752273021477,0.0615179678729038
5,0.2924752273021477,0.0702989979405707
6,0.2924752273021477,0.0576096481318034
7,0.2924752273021477,0.0556301095616357
8,0.2924752273021477,0.055122535569285
9,0.2924752273021477,0.06979142394822
