,trans point,distance
0,0.4799059968665622,0.0696323210773692
1,0.4799059968665622,0.0646521550718357
2,0.4799059968665622,0.0774325810860362
3,0.4799059968665622,0.0688722957431914
4,0.4799059968665622,0.0714723824127471
5,0.4799059968665622,0.0581419380646021
6,0.4799059968665622,0.0812327077569252
7,0.4799059968665622,0.0617120570685689
8,0.4799059968665622,0.0970732357745258
9,0.4799059968665622,0.0666622220740691
