,trans point,distance
0,0.9604113342474094,0.1105466456592125
1,0.9604113342474094,0.1158370574156832
2,0.9604113342474094,0.1240050755668347
3,0.9604113342474094,0.107855439678755
4,0.9604113342474094,0.1185954635454744
5,0.9604113342474094,0.1401531114513587
6,0.9604113342474094,0.1582723517163371
7,0.9604113342474094,0.1474187275971725
8,0.9604113342474094,0.0920458045462324
9,0.9604113342474094,0.1200114666921483
