,trans point,distance
0,0.963053631361732,0.1891913941487376
1,0.963053631361732,0.1802638755497406
2,0.963053631361732,0.1417602953339486
3,0.963053631361732,0.1478493080193917
4,0.963053631361732,0.190339896541451
5,0.963053631361732,0.1801753753653653
6,0.963053631361732,0.1768013683361838
7,0.963053631361732,0.1085512261483877
8,0.963053631361732,0.1932334025695886
9,0.963053631361732,0.1658558455330113
