,trans point,distance
0,0.2712738637905061,0.1351110326356614
1,0.2712738637905061,0.1074737744030257
2,0.2712738637905061,0.1115006601621847
3,0.2712738637905061,0.125043818237764
4,0.2712738637905061,0.1094170973813263
5,0.2712738637905061,0.1124422702650726
6,0.2712738637905061,0.1234210433795955
7,0.2712738637905061,0.0957437166319433
8,0.2712738637905061,0.1151168436424244
9,0.2712738637905061,0.1067224897464662
