,trans point,distance
0,0.4804163274799395,0.0585370391906036
1,0.4804163274799395,0.0563600418653332
2,0.4804163274799395,0.051189673217816
3,0.4804163274799395,0.0627096173973718
4,0.4804163274799395,0.0553622514245842
5,0.4804163274799395,0.0592627049656936
6,0.4804163274799395,0.0608047447377602
7,0.4804163274799395,0.0652494476101872
8,0.4804163274799395,0.0487707873008489
9,0.4804163274799395,0.0686358878939411
