,trans point,distance
0,0.2831614774682097,0.0679264298899842
1,0.2831614774682097,0.0964998632947564
2,0.2831614774682097,0.085082635919417
3,0.2831614774682097,0.0844449716245178
4,0.2831614774682097,0.0941313959137019
5,0.2831614774682097,0.0777950439777111
6,0.2831614774682097,0.0753051167309615
7,0.2831614774682097,0.0956192792684669
8,0.2831614774682097,0.0867830740391484
9,0.2831614774682097,0.0924309577939705
