,trans point,distance
0,5.882257847861002,0.3115970214629877
1,5.882257847861002,0.445181486348372
2,5.882257847861002,0.3028915170097823
3,5.882257847861002,0.4127609870054023
4,5.882257847861002,0.405556431595854
5,5.882257847861002,0.3203025259161922
6,5.882257847861002,0.3752372609140026
7,5.882257847861002,0.4031549131260039
8,5.882257847861002,0.2167370419039276
9,5.882257847861002,0.4187647831800269
