,trans point,distance
0,0.9621301553253884,0.1351473378683447
1,0.9621301553253884,0.1489617724044309
2,0.9621301553253884,0.1418871547178868
3,0.9621301553253884,0.1587699969249925
4,0.9621301553253884,0.1289613224033061
5,0.9621301553253884,0.1488303720759303
6,0.9621301553253884,0.1681504203760511
7,0.9621301553253884,0.1358877397193494
8,0.9621301553253884,0.136655141637854
9,0.9621301553253884,0.1668760171900429
