,trans point,distance
0,-0.0061071049714537,0.2651588219168285
1,-0.0061071049714537,0.2898785444403389
2,-0.0061071049714537,0.2941636968259454
3,-0.0061071049714537,0.3431826362650329
4,-0.0061071049714537,0.2694339622641509
5,-0.0061071049714537,0.1202045316392328
6,-0.0061071049714537,0.2211258775432364
7,-0.0061071049714537,0.2287750747923097
8,-0.0061071049714537,0.3642980250062574
9,-0.0061071049714537,0.2863342828877578
