,trans point,distance
0,-0.0047541274631635,0.1879969228948458
1,-0.0047541274631635,0.2738670927273803
2,-0.0047541274631635,0.2153192496597432
3,-0.0047541274631635,0.2795408012308421
4,-0.0047541274631635,0.2168080951535593
5,-0.0047541274631635,0.1945961299485176
6,-0.0047541274631635,0.2572483578909995
7,-0.0047541274631635,0.2538280371619622
8,-0.0047541274631635,0.2404284277176164
9,-0.0047541274631635,0.233869459731345
