,trans point,distance
0,-0.0061005316720422,0.2438822368517945
1,-0.0061005316720422,0.1527068145333509
2,-0.0061005316720422,0.2482487223670451
3,-0.0061005316720422,0.2136272993711247
4,-0.0061005316720422,0.2362709318252109
5,-0.0061005316720422,0.2878775828804547
6,-0.0061005316720422,0.318833561613573
7,-0.0061005316720422,0.3196647962414762
8,-0.0061005316720422,0.2424801543468975
9,-0.0061005316720422,0.2526752971325056
