,trans point,distance
0,0.9604113150691715,0.1155890201695621
1,0.9604113150691715,0.1300210476591383
2,0.9604113150691715,0.1784227398528379
3,0.9604113150691715,0.1535794925323668
4,0.9604113150691715,0.1358746588088739
5,0.9604113150691715,0.1736859308303444
6,0.9604113150691715,0.1318266510983832
7,0.9604113150691715,0.187915557934396
8,0.9604113150691715,0.1179074245855706
9,0.9604113150691715,0.0779273484330447
