,trans point,distance
0,0.2878191844801455,0.0393676605031827
1,0.2878191844801455,0.0434651108820854
2,0.2878191844801455,0.0500129972719005
3,0.2878191844801455,0.0457548625644134
4,0.2878191844801455,0.0450317830857835
5,0.2878191844801455,0.0440275060321309
6,0.2878191844801455,0.0412557013640497
7,0.2878191844801455,0.0557574620187935
8,0.2878191844801455,0.0442283614428614
9,0.2878191844801455,0.0482052985753258
