,trans point,distance
0,0.4795679567956795,0.0894989498949895
1,0.4795679567956795,0.0698169816981698
2,0.4795679567956795,0.0891989198919891
3,0.4795679567956795,0.0779777977797779
4,0.4795679567956795,0.063066306630663
5,0.4795679567956795,0.0682868286828682
6,0.4795679567956795,0.0803780378037803
7,0.4795679567956795,0.0695769576957695
8,0.4795679567956795,0.0725772577257725
9,0.4795679567956795,0.0737473747374737
