,trans point,distance
0,5.882307144552575,1.4893178257773556
1,5.882307144552575,1.4121117176991849
2,5.882307144552575,1.4285130152701946
3,5.882307144552575,0.5876464910198589
4,5.882307144552575,1.287301843500277
5,5.882307144552575,1.701734630904344
6,5.882307144552575,1.6853333333333325
7,5.882307144552575,1.2472986786929336
8,5.882307144552575,0.7228571880686765
9,5.882307144552575,1.7141356119946192
