,trans point,distance
0,-0.0049266045215899,0.2407885995928426
1,-0.0049266045215899,0.2995006964534447
2,-0.0049266045215899,0.2883102967963141
3,-0.0049266045215899,0.278319939997857
4,-0.0049266045215899,0.3022007928854601
5,-0.0049266045215899,0.3144712311153969
6,-0.0049266045215899,0.2009771777563483
7,-0.0049266045215899,0.1738862102217936
8,-0.0049266045215899,0.3616629165327332
9,-0.0049266045215899,0.3898639237115611
