,trans point,distance
0,0.3547075817622875,0.0670224823141598
1,0.3547075817622875,0.0713426423200859
2,0.3547075817622875,0.0682425275010185
3,0.3547075817622875,0.0814430164080151
4,0.3547075817622875,0.071812659728138
5,0.3547075817622875,0.0891633023445312
6,0.3547075817622875,0.1009637393977554
7,0.3547075817622875,0.0760128152894552
8,0.3547075817622875,0.0703626060224453
9,0.3547075817622875,0.0816330234453128
