,trans point,distance
0,0.3546942486928847,0.0410820641054785
1,0.3546942486928847,0.0468924755626278
2,0.3546942486928847,0.0403864514662423
3,0.3546942486928847,0.0435780859286201
4,0.3546942486928847,0.0608865651284382
5,0.3546942486928847,0.0419822686974312
6,0.3546942486928847,0.0537258467833598
7,0.3546942486928847,0.0491020686519663
8,0.3546942486928847,0.0450102295976358
9,0.3546942486928847,0.0472607410775176
