,trans point,distance
0,0.4799030613666118,0.1086247527786289
1,0.4799030613666118,0.0952171369676035
2,0.4799030613666118,0.0833037131953536
3,0.4799030613666118,0.0871946293768628
4,0.4799030613666118,0.0889294966433605
5,0.4799030613666118,0.0883278085740549
6,0.4799030613666118,0.0946254770327864
7,0.4799030613666118,0.0878163737151452
8,0.4799030613666118,0.1153937435583163
9,0.4799030613666118,0.0787709964065851
