,trans point,distance
0,0.4747033840252089,0.0452116728318948
1,0.4747033840252089,0.0493410056172078
2,0.4747033840252089,0.045121249486231
3,0.4747033840252089,0.0408412111248116
4,0.4747033840252089,0.0438854637621592
5,0.4747033840252089,0.0352952459240992
6,0.4747033840252089,0.0415344567749007
7,0.4747033840252089,0.0455130839841074
8,0.4747033840252089,0.0407809288943691
9,0.4747033840252089,0.0399068365529524
