,trans point,distance
0,-0.0061081943883536,0.1723833150637512
1,-0.0061081943883536,0.1214423354295274
2,-0.0061081943883536,0.1997738418046501
3,-0.0061081943883536,0.1474628358237658
4,-0.0061081943883536,0.1690432508317467
5,-0.0061081943883536,0.1775534144887401
6,-0.0061081943883536,0.1460228081309256
7,-0.0061081943883536,0.155812996403777
8,-0.0061081943883536,0.1833135252601011
9,-0.0061081943883536,0.1713232946787438
