,trans point,distance
0,-0.0046420535044586,0.1960663388615717
1,-0.0046420535044586,0.1919659971664305
2,-0.0046420535044586,0.2291190932577714
3,-0.0046420535044586,0.2144678723226935
4,-0.0046420535044586,0.2121176764730394
5,-0.0046420535044586,0.1707142261855154
6,-0.0046420535044586,0.1972664388699058
7,-0.0046420535044586,0.2510709225768814
8,-0.0046420535044586,0.2064172014334527
9,-0.0046420535044586,0.2015167930660888
