,trans point,distance
0,5.882308161827999,0.2622205180374051
1,5.882308161827999,0.5682444635730493
2,5.882308161827999,0.5310415525471477
3,5.882308161827999,0.519040613506534
4,5.882308161827999,0.6870537600751234
5,5.882308161827999,0.544042569841146
6,5.882308161827999,0.4750371703576181
7,5.882308161827999,0.5752450113467402
8,5.882308161827999,0.5944465138117225
9,5.882308161827999,0.578845293058925
