,trans point,distance
0,0.9612522392096344,0.1662846779197226
1,0.9612522392096344,0.1542901506594334
2,0.9612522392096344,0.1453679303816599
3,0.9612522392096344,0.1595716626628698
4,0.9612522392096344,0.1809042111459344
5,0.9612522392096344,0.1584978602224096
6,0.9612522392096344,0.1641230730069842
7,0.9612522392096344,0.1800509092066118
8,0.9612522392096344,0.1533031484162463
9,0.9612522392096344,0.141133620758229
