,trans point,distance
0,0.2830578221259923,0.1058323661820806
1,0.2830578221259923,0.1057117251263016
2,0.2830578221259923,0.1291764104753067
3,0.2830578221259923,0.1466995238271986
4,0.2830578221259923,0.1377117651716672
5,0.2830578221259923,0.1123469831941437
6,0.2830578221259923,0.1260397430250541
7,0.2830578221259923,0.1057117251263016
8,0.2830578221259923,0.1239586848128673
9,0.2830578221259923,0.1330067639962882
