,trans point,distance
0,0.3546845570464205,0.1206100508375697
1,0.3546845570464205,0.1376514709559129
2,0.3546845570464205,0.1470122510209184
3,0.3546845570464205,0.1423918659888323
4,0.3546845570464205,0.1227402283523626
5,0.3546845570464205,0.1076789732477706
6,0.3546845570464205,0.1363613634469538
7,0.3546845570464205,0.1064488707392282
8,0.3546845570464205,0.1174597883156929
9,0.3546845570464205,0.1414017834819568
