,trans point,distance
0,0.9621300994081592,0.0966361546178472
1,0.9621300994081592,0.1721618754590007
2,0.9621300994081592,0.1924305078888125
3,0.9621300994081592,0.2185113496181593
4,0.9621300994081592,0.1171351874162999
5,0.9621300994081592,0.2116023385637416
6,0.9621300994081592,0.1680332688532301
7,0.9621300994081592,0.2014011222417956
8,0.9621300994081592,0.1673834678135485
9,0.9621300994081592,0.1935267096427354
