,trans point,distance
0,0.2776599595736281,0.0465059922095012
1,0.2776599595736281,0.050098815949467
2,0.2776599595736281,0.0476500757468087
3,0.2776599595736281,0.054414218765627
4,0.2776599595736281,0.0476300041058034
5,0.2776599595736281,0.0585489768127385
6,0.2776599595736281,0.0439368221608106
7,0.2776599595736281,0.0571841052243716
8,0.2776599595736281,0.0600744215291485
9,0.2776599595736281,0.0488343025661271
