,trans point,distance
0,0.962130248520994,0.0866649466597867
1,0.962130248520994,0.0876981507926032
2,0.962130248520994,0.1205212820851283
3,0.962130248520994,0.1012192048768195
4,0.962130248520994,0.1169032676130704
5,0.962130248520994,0.075375301501206
6,0.962130248520994,0.1029250117000467
7,0.962130248520994,0.0917949671798686
8,0.962130248520994,0.0919893679574718
9,0.962130248520994,0.0911553646214585
