,trans point,distance
0,0.9596008490021224,0.1375599438998597
1,0.9596008490021224,0.133754734386836
2,0.9596008490021224,0.1477938694846737
3,0.9596008490021224,0.1353081382703457
4,0.9596008490021224,0.1639192097980245
5,0.9596008490021224,0.1191782979457448
6,0.9596008490021224,0.1163954909887275
7,0.9596008490021224,0.0941816354540886
8,0.9596008490021224,0.1227855069637674
9,0.9596008490021224,0.1264638161595405
