,trans point,distance
0,0.292307867591547,0.1356675528956283
1,0.292307867591547,0.1270969531214712
2,0.292307867591547,0.1101069994515244
3,0.292307867591547,0.1081408030327472
4,0.292307867591547,0.128609411905146
5,0.292307867591547,0.1408099127601226
6,0.292307867591547,0.1288614883690918
7,0.292307867591547,0.1066283442490724
8,0.292307867591547,0.1300210401032424
9,0.292307867591547,0.1142914687530247
