,trans point,distance
0,0.3547056589441701,0.08841625522218
1,0.3547056589441701,0.0661754652487657
2,0.3547056589441701,0.0620432966198253
3,0.3547056589441701,0.073254842385112
4,0.3547056589441701,0.0939764527155336
5,0.3547056589441701,0.0630459551842005
6,0.3547056589441701,0.0907861754652488
7,0.3547056589441701,0.0798480820357007
8,0.3547056589441701,0.081883782757311
9,0.3547056589441701,0.0790884922142043
