,trans point,distance
0,5.882261592329591,0.7577247946595103
1,5.882261592329591,0.7746253476880778
2,5.882261592329591,0.7136233515494617
3,5.882261592329591,0.8487277725056446
4,5.882261592329591,0.3127102326646813
5,5.882261592329591,0.6828223436630774
6,5.882261592329591,0.4872159429300691
7,5.882261592329591,0.6733220327890308
8,5.882261592329591,0.79872613632645
9,5.882261592329591,0.6763221309597824
