,trans point,distance
0,5.8821517459689385,1.2708770402611531
1,5.8821517459689385,1.6349850628153133
2,5.8821517459689385,1.5419574636462556
3,5.8821517459689385,1.1788497378573553
4,5.8821517459689385,1.3984148778316356
5,5.8821517459689385,1.801534474230884
6,5.8821517459689385,1.1168313384113162
7,5.8821517459689385,1.7115077653576023
8,5.8821517459689385,0.8007375605895737
9,5.8821517459689385,1.0778197645662289
