,trans point,distance
0,0.4809378939406672,0.0419531053029666
1,0.4809378939406672,0.0478830153794436
2,0.4809378939406672,0.0533691906882931
3,0.4809378939406672,0.0650878225060929
4,0.4809378939406672,0.0511303470879905
5,0.4809378939406672,0.0601260610135305
6,0.4809378939406672,0.0411261450542062
7,0.4809378939406672,0.0651685015547525
8,0.4809378939406672,0.0616791327002269
9,0.4809378939406672,0.0510093285150012
