,trans point,distance
0,5.88232839099396,2.418547562389408
1,5.88232839099396,0.9792597473915432
2,5.88232839099396,0.8724532308255544
3,5.88232839099396,1.1000671181890294
4,5.88232839099396,2.212935017389713
5,5.88232839099396,0.8124495698334249
6,5.88232839099396,2.218535359082312
7,5.88232839099396,2.567356641649888
8,5.88232839099396,2.2365364573799504
9,5.88232839099396,0.8636526938800415
