,trans point,distance
0,0.4814425699565612,0.0353773108394787
1,0.4814425699565612,0.0386503687241135
2,0.4814425699565612,0.0391150621274876
3,0.4814425699565612,0.0344681280937468
4,0.4814425699565612,0.0303869077684614
5,0.4814425699565612,0.0290130316193554
6,0.4814425699565612,0.0395999595918779
7,0.4814425699565612,0.0419436306697645
8,0.4814425699565612,0.0429336296595615
9,0.4814425699565612,0.0388322052732599
