,trans point,distance
0,0.9621301553253884,0.2242769606924017
1,0.9621301553253884,0.1501731754329385
2,0.9621301553253884,0.1390167475418688
3,0.9621301553253884,0.2063297158242896
4,0.9621301553253884,0.1242783106957767
5,0.9621301553253884,0.217925344813362
6,0.9621301553253884,0.171044227610569
7,0.9621301553253884,0.1930408826022065
8,0.9621301553253884,0.1757074392685982
9,0.9621301553253884,0.1697158242895606
