,trans point,distance
0,0.3547016212487064,0.0356502242152466
1,0.3547016212487064,0.0321835115557088
2,0.3547016212487064,0.0359089341152121
3,0.3547016212487064,0.0309417040358744
4,0.3547016212487064,0.0359606760952052
5,0.3547016212487064,0.030734736115902
6,0.3547016212487064,0.0341497067954467
7,0.3547016212487064,0.0462573301138323
8,0.3547016212487064,0.0339427388754743
9,0.3547016212487064,0.0396343566747154
