,trans point,distance
0,-0.0061084351405856,0.2606043434057234
1,-0.0061084351405856,0.1807430123835397
2,-0.0061084351405856,0.2398539975666261
3,-0.0061084351405856,0.1673027883798063
4,-0.0061084351405856,0.2280438007300121
5,-0.0061084351405856,0.1458724312071868
6,-0.0061084351405856,0.232833880564676
7,-0.0061084351405856,0.1863531058850981
8,-0.0061084351405856,0.1864531075517925
9,-0.0061084351405856,0.1525025417090285
