,trans point,distance
0,0.4796089448252613,0.1062321609169569
1,0.4796089448252613,0.1286436678278458
2,0.4796089448252613,0.0816361388920103
3,0.4796089448252613,0.127430048320036
4,0.4796089448252613,0.1204315091583324
5,0.4796089448252613,0.0812720530396674
6,0.4796089448252613,0.1009731430497808
7,0.4796089448252613,0.0874615125294977
8,0.4796089448252613,0.1235464658950444
9,0.4796089448252613,0.1005281492302506
