,trans point,distance
0,0.3546903385631709,0.1273795761078997
1,0.3546903385631709,0.1047013487475914
2,0.3546903385631709,0.131103770988164
3,0.3546903385631709,0.1065483071841453
4,0.3546903385631709,0.1079108175061931
5,0.3546903385631709,0.1127250206440957
6,0.3546903385631709,0.1057610789980731
7,0.3546903385631709,0.1117561244150839
8,0.3546903385631709,0.1174181117533718
9,0.3546903385631709,0.1031268923754472
