,trans point,distance
0,5.882164190487813,2.4294741145245435
1,5.882164190487813,2.054062662070228
2,5.882164190487813,1.649450318801672
3,5.882164190487813,2.1482655358613747
4,5.882164190487813,2.244468470667196
5,5.882164190487813,2.0516625888526194
6,5.882164190487813,1.5656477622868303
7,5.882164190487813,2.3208708014277435
8,5.882164190487813,2.3896729003325303
9,5.882164190487813,2.4096735104792706
