,trans point,distance
0,0.4799828546935276,0.0819717102443206
1,0.4799828546935276,0.0772110301471638
2,0.4799828546935276,0.0729704243463351
3,0.4799828546935276,0.0779311330190026
4,0.4799828546935276,0.0610887269609944
5,0.4799828546935276,0.0769709958565509
6,0.4799828546935276,0.0688098299757108
7,0.4799828546935276,0.0635690812973281
8,0.4799828546935276,0.0783711958851264
9,0.4799828546935276,0.0698499785683668
