,trans point,distance
0,0.2923689217843568,0.1104762678135627
1,0.2923689217843568,0.11749785045009
2,0.2923689217843568,0.1070412489697939
3,0.2923689217843568,0.0878960704140828
4,0.2923689217843568,0.1238627383076615
5,0.2923689217843568,0.0902197596319263
6,0.2923689217843568,0.1085061834766953
7,0.2923689217843568,0.0998176064012802
8,0.2923689217843568,0.1224483187837567
9,0.2923689217843568,0.1050711646329265
