,trans point,distance
0,0.4825181408119239,0.0561914100804079
1,0.4825181408119239,0.062973131986664
2,0.4825181408119239,0.0633810551088448
3,0.4825181408119239,0.0547126887625024
4,0.4825181408119239,0.0601686605216709
5,0.4825181408119239,0.0671543439890174
6,0.4825181408119239,0.075159835261816
7,0.4825181408119239,0.0593018238870366
8,0.4825181408119239,0.0525201019807805
9,0.4825181408119239,0.0616983722298489
