,trans point,distance
0,0.9630536261072522,0.1716278432556865
1,0.9630536261072522,0.2200544401088802
2,0.9630536261072522,0.2032859065718131
3,0.9630536261072522,0.2251969503939008
4,0.9630536261072522,0.2222114444228888
5,0.9630536261072522,0.1838148676297353
6,0.9630536261072522,0.1811388622777245
7,0.9630536261072522,0.1492027984055968
8,0.9630536261072522,0.0947741895483791
9,0.9630536261072522,0.208261916523833
