,trans point,distance
0,-0.0052305230523052,0.0472447244724472
1,-0.0052305230523052,0.0495449544954495
2,-0.0052305230523052,0.0485048504850485
3,-0.0052305230523052,0.0381238123812381
4,-0.0052305230523052,0.0454445444544454
5,-0.0052305230523052,0.0369636963696369
6,-0.0052305230523052,0.0442644264426442
7,-0.0052305230523052,0.0369636963696369
8,-0.0052305230523052,0.0398039803980398
9,-0.0052305230523052,0.0436843684368436
