,trans point,distance
0,0.9596009607542032,0.1161482081484106
1,0.9596009607542032,0.1197842240559801
2,0.9596009607542032,0.0879780849041214
3,0.9596009607542032,0.0922135034340774
4,0.9596009607542032,0.1083982742424498
5,0.9596009607542032,0.1068880676352959
6,0.9596009607542032,0.08934519088521
7,0.9596009607542032,0.1227992372466628
8,0.9596009607542032,0.1037542539248608
9,0.9596009607542032,0.1057387626070864
