,trans point,distance
0,-0.0047809561912382,0.0481696339267853
1,-0.0047809561912382,0.0412482496499299
2,-0.0047809561912382,0.0393678735747149
3,-0.0047809561912382,0.0377275455091018
4,-0.0047809561912382,0.0508101620324064
5,-0.0047809561912382,0.0382076415283056
6,-0.0047809561912382,0.041128225645129
7,-0.0047809561912382,0.0405281056211242
8,-0.0047809561912382,0.0319663932786557
9,-0.0047809561912382,0.0357271454290858
