,trans point,distance
0,0.4796601248214151,0.1224152191894127
1,0.4796601248214151,0.1041882848334461
2,0.4796601248214151,0.1286412512218963
3,0.4796601248214151,0.1358899165350778
4,0.4796601248214151,0.1167305812467102
5,0.4796601248214151,0.1431686592976915
6,0.4796601248214151,0.1231972328746522
7,0.4796601248214151,0.1290021806150838
8,0.4796601248214151,0.1181742988194601
9,0.4796601248214151,0.1277990826377923
