,trans point,distance
0,0.9596009384037536,0.0787449149796599
1,0.9596009384037536,0.0866712466849868
2,0.9596009384037536,0.0875082500330002
3,0.9596009384037536,0.0901695606782426
4,0.9596009384037536,0.0981633926535705
5,0.9596009384037536,0.1063255253021011
6,0.9596009384037536,0.0785172140688563
7,0.9596009384037536,0.1193791775167101
8,0.9596009384037536,0.1041025164100657
9,0.9596009384037536,0.0953301813207252
