,trans point,distance
0,0.3547078235941198,0.0857228574285809
1,0.3547078235941198,0.1090436347878262
2,0.3547078235941198,0.0841128037601253
3,0.3547078235941198,0.100653355111837
4,0.3547078235941198,0.0992633087769592
5,0.3547078235941198,0.1186239541318043
6,0.3547078235941198,0.0510917030567685
7,0.3547078235941198,0.0868028934297809
8,0.3547078235941198,0.1050735024500816
9,0.3547078235941198,0.1023234107803593
