,trans point,distance
0,-0.004645232261613,0.4296714835741787
1,-0.004645232261613,0.3948197409870494
2,-0.004645232261613,0.3861693084654233
3,-0.004645232261613,0.3689184459222961
4,-0.004645232261613,0.3714185709285464
5,-0.004645232261613,0.3066653332666633
6,-0.004645232261613,0.3289664483224161
7,-0.004645232261613,0.4029701485074254
8,-0.004645232261613,0.3051652582629132
9,-0.004645232261613,0.2450622531126556
