,trans point,distance
0,0.3547002866028416,0.1190889688395633
1,0.3547002866028416,0.1167748033416671
2,0.3547002866028416,0.1219867065064942
3,0.3547002866028416,0.1390511616561985
4,0.3547002866028416,0.1096511982437953
5,0.3547002866028416,0.1254881395207024
6,0.3547002866028416,0.1220068296847368
7,0.3547002866028416,0.0978187694371607
8,0.3547002866028416,0.0934319165802792
9,0.3547002866028416,0.1289292030001829
