,trans point,distance
0,0.2830310179586269,0.0466652183678108
1,0.2830310179586269,0.0385010646055921
2,0.2830310179586269,0.0388927029779495
3,0.2830310179586269,0.0394349714935212
4,0.2830310179586269,0.0392240892930211
5,0.2830310179586269,0.0498585774039554
6,0.2830310179586269,0.0476593773130256
7,0.2830310179586269,0.0425379524437372
8,0.2830310179586269,0.0560645393043873
9,0.2830310179586269,0.0532025665833144
