,trans point,distance
0,0.2712766336880051,0.064309199860457
1,0.2712766336880051,0.0681410692016978
2,0.2712766336880051,0.0504562900168614
3,0.2712766336880051,0.0549702722251294
4,0.2712766336880051,0.049523400360486
5,0.2712766336880051,0.0611895366009652
6,0.2712766336880051,0.0588021415663701
7,0.2712766336880051,0.0718124413977557
8,0.2712766336880051,0.0472162538984824
9,0.2712766336880051,0.0545890915053201
