,trans point,distance
0,-0.0046769267620815,0.3570968321456374
1,-0.0046769267620815,0.3550847356129109
2,-0.0046769267620815,0.3345613509791005
3,-0.0046769267620815,0.3226899814360141
4,-0.0046769267620815,0.2785747649559854
5,-0.0046769267620815,0.311522845679382
6,-0.0046769267620815,0.3078004670938379
7,-0.0046769267620815,0.3026696209353853
8,-0.0046769267620815,0.291753997245344
9,-0.0046769267620815,0.3946224324809868
