,trans point,distance
0,0.3547066726377071,0.0860904612628751
1,0.3547066726377071,0.1024137931034483
2,0.3547066726377071,0.0802060008956561
3,0.3547066726377071,0.0798432601880878
4,0.3547066726377071,0.0801253918495298
5,0.3547066726377071,0.0999955217196597
6,0.3547066726377071,0.0686386027765338
7,0.3547066726377071,0.0793999104343932
8,0.3547066726377071,0.1015270935960591
9,0.3547066726377071,0.0965696372592924
