,trans point,distance
0,0.3547052177915394,0.0672128540943136
1,0.3547052177915394,0.0721737311184568
2,0.3547052177915394,0.0793740323862923
3,0.3547052177915394,0.0664094731997154
4,0.3547052177915394,0.080127201974978
5,0.3547052177915394,0.0816335411523495
6,0.3547052177915394,0.0829490773672538
7,0.3547052177915394,0.0701251098372316
8,0.3547052177915394,0.095582241934809
9,0.3547052177915394,0.0823867107410352
