,trans point,distance
0,0.4744290715119186,0.0759126521086847
1,0.4744290715119186,0.0814635772628771
2,0.4744290715119186,0.0908651441906984
3,0.4744290715119186,0.0689114852475412
4,0.4744290715119186,0.0714119019836638
5,0.4744290715119186,0.0690615102517085
6,0.4744290715119186,0.0776129354892481
7,0.4744290715119186,0.0906151025170861
8,0.4744290715119186,0.0678113018836472
9,0.4744290715119186,0.0762127021170194
