,trans point,distance
0,0.4816242165622083,0.077970396052807
1,0.4816242165622083,0.0960528070409387
2,0.4816242165622083,0.0723696492865715
3,0.4816242165622083,0.0807707694359248
4,0.4816242165622083,0.0687691692225629
5,0.4816242165622083,0.0682891052140285
6,0.4816242165622083,0.0909721296172823
7,0.4816242165622083,0.0584477930390718
8,0.4816242165622083,0.0716895586078144
9,0.4816242165622083,0.0655287371649553
