,trans point,distance
0,-0.0047416917769333,0.268137473252107
1,-0.0047416917769333,0.3039346696362286
2,-0.0047416917769333,0.3532311454648674
3,-0.0047416917769333,0.3180365954845189
4,-0.0047416917769333,0.332500109175073
5,-0.0047416917769333,0.292122800122276
6,-0.0047416917769333,0.4226158347526091
7,-0.0047416917769333,0.3887069304336433
8,-0.0047416917769333,0.3857740512686142
9,-0.0047416917769333,0.3538337918686404
