,trans point,distance
0,0.2877966900671325,0.1077278513769009
1,0.2877966900671325,0.1017162525277435
2,0.2877966900671325,0.1392286293464858
3,0.2877966900671325,0.1046018199753391
4,0.2877966900671325,0.1285279833949856
5,0.2877966900671325,0.1073270781202904
6,0.2877966900671325,0.128848602000274
7,0.2877966900671325,0.1368640671324839
8,0.2877966900671325,0.1293295299082066
9,0.2877966900671325,0.1151421566241951
