,trans point,distance
0,0.9604113050631392,0.1412058455753835
1,0.9604113050631392,0.1535354670182034
2,0.9604113050631392,0.1780747096951471
3,0.9604113050631392,0.1736323019692207
4,0.9604113050631392,0.1566882725013434
5,0.9604113050631392,0.2189131807185751
6,0.9604113050631392,0.2118811684889887
7,0.9604113050631392,0.1947363386718934
8,0.9604113050631392,0.1736259019580903
9,0.9604113050631392,0.1743691032506142
