,trans point,distance
0,0.3547029762046826,0.1537697797083462
1,0.3547029762046826,0.1091825580562781
2,0.3547029762046826,0.1145053581231055
3,0.3547029762046826,0.1422621064941884
4,0.3547029762046826,0.1381722714145922
5,0.3547029762046826,0.1362676913530155
6,0.3547029762046826,0.1574887228812143
7,0.3547029762046826,0.1008324781021026
8,0.3547029762046826,0.139715983675028
9,0.3547029762046826,0.1643853075252392
