,trans point,distance
0,0.9630535875744272,0.1243821727530176
1,0.9630535875744272,0.1081981502752087
2,0.9630535875744272,0.1301886808176122
3,0.9630535875744272,0.1289156790495542
4,0.9630535875744272,0.1127386565814674
5,0.9630535875744272,0.0950986320814333
6,0.9630535875744272,0.1031001431946432
7,0.9630535875744272,0.1357321885169284
8,0.9630535875744272,0.1236576717467663
9,0.9630535875744272,0.1174076630661986
