,trans point,distance
0,-0.0047737975554261,0.2757055928885126
1,-0.0047737975554261,0.2687083972696968
2,-0.0047737975554261,0.2761479443356791
3,-0.0047737975554261,0.282099581988465
4,-0.0047737975554261,0.3013217630562463
5,-0.0047737975554261,0.2538695169056564
6,-0.0047737975554261,0.2804910312714959
7,-0.0047737975554261,0.2671802740885761
8,-0.0047737975554261,0.2907455420921742
9,-0.0047737975554261,0.260303719773533
