,trans point,distance
0,0.9604113098387452,0.1992587622886585
1,0.9604113098387452,0.1640906983467243
2,0.9604113098387452,0.1116602030185509
3,0.9604113098387452,0.1594234898608906
4,0.9604113098387452,0.1671891039801891
5,0.9604113098387452,0.170124309316926
6,0.9604113098387452,0.1470682673968497
7,0.9604113098387452,0.1817867305213283
8,0.9604113098387452,0.1832499331816965
9,0.9604113098387452,0.1874211407657104
