,trans point,distance
0,0.2923803868540128,0.0745530938794951
1,0.2923803868540128,0.1006188395332222
2,0.2923803868540128,0.1013274229102167
3,0.2923803868540128,0.0897370233865205
4,0.2923803868540128,0.0898382495832341
5,0.2923803868540128,0.0940897498452012
6,0.2923803868540128,0.080069921600381
7,0.2923803868540128,0.0658982540604906
8,0.2923803868540128,0.1052752445820433
9,0.2923803868540128,0.0898382495832341
