,trans point,distance
0,0.2776427329597378,0.0971875412707991
1,0.2776427329597378,0.0971875412707991
2,0.2776427329597378,0.0864022901974307
3,0.2776427329597378,0.1028207300284506
4,0.2776427329597378,0.0959245843607207
5,0.2776427329597378,0.0971474474006379
6,0.2776427329597378,0.1065494599534442
7,0.2776427329597378,0.0910531791361323
8,0.2776427329597378,0.0762785879817225
9,0.2776427329597378,0.0924965584619363
