,trans point,distance
0,0.4768318870422121,0.0779614649213119
1,0.4768318870422121,0.0907633475511104
2,0.4768318870422121,0.0886630386821591
3,0.4768318870422121,0.1098661567877629
4,0.4768318870422121,0.0890130901603177
5,0.4768318870422121,0.0979143991763494
6,0.4768318870422121,0.0887130460361817
7,0.4768318870422121,0.0835122812178261
8,0.4768318870422121,0.0713104868362994
9,0.4768318870422121,0.0828621856155316
