,trans point,distance
0,0.4799007889390221,0.0968875168210242
1,0.4799007889390221,0.0902599013166574
2,0.4799007889390221,0.0726230243542045
3,0.4799007889390221,0.132933322778965
4,0.4799007889390221,0.0921749914245758
5,0.4799007889390221,0.087472492677907
6,0.4799007889390221,0.1214227288318953
7,0.4799007889390221,0.0993540726668249
8,0.4799007889390221,0.1034048391778146
9,0.4799007889390221,0.1339961476556109
