,trans point,distance
0,5.882107385203241,1.276544436392384
1,5.882107385203241,1.2162139798405691
2,5.882107385203241,1.1537824626128206
3,5.882107385203241,1.5346747480071148
4,5.882107385203241,1.4560350484221622
5,5.882107385203241,1.4680411094274983
6,5.882107385203241,1.2759441333421169
7,5.882107385203241,0.5501777455695365
8,5.882107385203241,1.5848000527043942
9,5.882107385203241,1.351582317675736
