,trans point,distance
0,0.4748245753294173,0.0872773456104143
1,0.4748245753294173,0.0818415621527226
2,0.4748245753294173,0.0956088267979043
3,0.4748245753294173,0.0999777742498809
4,0.4748245753294173,0.0742213049690426
5,0.4748245753294173,0.1018066359739641
6,0.4748245753294173,0.0828575964438799
7,0.4748245753294173,0.0761517701222416
8,0.4748245753294173,0.0740180981108112
9,0.4748245753294173,0.0898682330528655
