,trans point,distance
0,-0.0049220697318237,0.3766779783176672
1,-0.0049220697318237,0.2579356737439563
2,-0.0049220697318237,0.4023243941259498
3,-0.0049220697318237,0.3237634763806721
4,-0.0049220697318237,0.3777290609327607
5,-0.0049220697318237,0.2058920688308958
6,-0.0049220697318237,0.3594101924982732
7,-0.0049220697318237,0.4440373584792336
8,-0.0049220697318237,0.2246914321751404
9,-0.0049220697318237,0.3667677708039281
