,trans point,distance
0,-0.0046437265609579,0.3126205671425752
1,-0.0046437265609579,0.2145641160602671
2,-0.0046437265609579,0.2447160997434042
3,-0.0046437265609579,0.246016185275347
4,-0.0046437265609579,0.2498664385814856
5,-0.0046437265609579,0.2250148036055003
6,-0.0046437265609579,0.2727679452595565
7,-0.0046437265609579,0.289619053885124
8,-0.0046437265609579,0.2404158168300545
9,-0.0046437265609579,0.2541167182051451
