,trans point,distance
0,0.4796872767679975,0.1013112151758076
1,0.4796872767679975,0.1356948964203508
2,0.4796872767679975,0.1308087943487578
3,0.4796872767679975,0.1077656956901341
4,0.4796872767679975,0.1348805460750853
5,0.4796872767679975,0.1066798952297801
6,0.4796872767679975,0.1339455512342249
7,0.4796872767679975,0.1118977696642591
8,0.4796872767679975,0.1167537106119533
9,0.4796872767679975,0.1101484244781332
