,trans point,distance
0,0.4798012453613435,0.1072168060884332
1,0.4798012453613435,0.1068142650481162
2,0.4798012453613435,0.0922221523366249
3,0.4798012453613435,0.073946789106233
4,0.4798012453613435,0.0812327819359708
5,0.4798012453613435,0.0725177684131077
6,0.4798012453613435,0.0669425750047172
7,0.4798012453613435,0.0843122208943958
8,0.4798012453613435,0.0772073715328008
9,0.4798012453613435,0.0737656456380904
