,trans point,distance
0,0.963053710179034,0.0964343214477381
1,0.963053710179034,0.1027753425844753
2,0.963053710179034,0.10740235800786
3,0.963053710179034,0.0790212634042113
4,0.963053710179034,0.1087043623478745
5,0.963053710179034,0.1072708575695251
6,0.963053710179034,0.1225939086463621
7,0.963053710179034,0.0727457424858082
8,0.963053710179034,0.0875122917076389
9,0.963053710179034,0.0847712825709419
