,trans point,distance
0,0.3547007231881828,0.1034836128635174
1,0.3547007231881828,0.1207985843975996
2,0.3547007231881828,0.1218649022926604
3,0.3547007231881828,0.1018587474996153
4,0.3547007231881828,0.1050577011847976
5,0.3547007231881828,0.1293799046007078
6,0.3547007231881828,0.1311063240498538
7,0.3547007231881828,0.1464917679643022
8,0.3547007231881828,0.1171426373288198
9,0.3547007231881828,0.1001831050930912
