,trans point,distance
0,0.4807342701607798,0.0721509051778706
1,0.4807342701607798,0.083210532978858
2,0.4807342701607798,0.1000632991517913
3,0.4807342701607798,0.1041549563235852
4,0.4807342701607798,0.0969844284086592
5,0.4807342701607798,0.0855601974933535
6,0.4807342701607798,0.0890036713508038
7,0.4807342701607798,0.0781060893784023
8,0.4807342701607798,0.0711381187492087
9,0.4807342701607798,0.0961741992657298
