,trans point,distance
0,-0.0049220768397366,0.0988582381865155
1,-0.0049220768397366,0.1132894407867322
2,-0.0049220768397366,0.1104092007667305
3,-0.0049220768397366,0.1292807733977831
4,-0.0049220768397366,0.1152096008000666
5,-0.0049220768397366,0.133721143428619
6,-0.0049220768397366,0.1175197933161096
7,-0.0049220768397366,0.1223201933494457
8,-0.0049220768397366,0.0963080256688057
9,-0.0049220768397366,0.0874272856071339
