,trans point,distance
0,5.882098166063267,1.3863564603240537
1,5.882098166063267,1.7257437236631246
2,5.882098166063267,1.7905603893406132
3,5.882098166063267,1.1498956614635878
4,5.882098166063267,1.5838072289156615
5,5.882098166063267,1.4706781411359715
6,5.882098166063267,1.194007003382989
7,5.882098166063267,1.444271351415514
8,5.882098166063267,1.9508015905988485
9,5.882098166063267,1.389657309039111
