,trans point,distance
0,5.882333989538219,1.026657742280218
1,5.882333989538219,0.9842553574441756
2,5.882333989538219,1.0160571460712076
3,5.882333989538219,1.024457618538726
4,5.882333989538219,0.7892443894482257
5,5.882333989538219,0.755242477079701
6,5.882333989538219,0.9840553461949488
7,5.882333989538219,0.9164515439563532
8,5.882333989538219,0.3794213397828905
9,5.882333989538219,1.1274634118904323
