,trans point,distance
0,0.4798684871455317,0.0513256313073656
1,0.4798684871455317,0.0422238458377094
2,0.4798684871455317,0.048171149367551
3,0.4798684871455317,0.0380547056943239
4,0.4798684871455317,0.0311329284442212
5,0.4798684871455317,0.0514562308781222
6,0.4798684871455317,0.03517146901685
7,0.4798684871455317,0.0491255308461573
8,0.4798684871455317,0.047387551943011
9,0.4798684871455317,0.0442129777615416
