,trans point,distance
0,5.882143587247506,0.2937142857142865
1,5.882143587247506,0.3552591871501587
2,5.882143587247506,0.4107997079581409
3,5.882143587247506,0.3832796300803123
4,5.882143587247506,0.3257376490630328
5,5.882143587247506,0.3202336334874669
6,5.882143587247506,0.3672679484059387
7,5.882143587247506,0.3312416646385987
8,5.882143587247506,0.4763475298126067
9,5.882143587247506,0.4308143100511072
