,trans point,distance
0,0.9604113421443344,0.115007470605813
1,0.9604113421443344,0.1303427066887215
2,0.9604113421443344,0.113527467123452
3,0.9604113421443344,0.1162898736232318
4,0.9604113421443344,0.0914922152758006
5,0.9604113421443344,0.1195466812863088
6,0.9604113421443344,0.1116042625982649
7,0.9604113421443344,0.1039298445408105
8,0.9604113421443344,0.1133154666246272
9,0.9604113421443344,0.1194082809606609
