,trans point,distance
0,5.8822679716503545,1.0949231634604564
1,5.8822679716503545,1.0913227584655196
2,5.8822679716503545,1.1205260434244575
3,5.8822679716503545,0.5808653391832603
4,5.8822679716503545,0.9661086736415792
5,5.8822679716503545,0.9713092586342666
6,5.8822679716503545,0.7844882438969512
7,5.8822679716503545,1.1809328383395208
8,5.8822679716503545,0.9385055686803918
9,5.8822679716503545,0.744483743953201
