,trans point,distance
0,0.4797919861324088,0.0647643176211747
1,0.4797919861324088,0.0997066471098073
2,0.4797919861324088,0.0725648376558437
3,0.4797919861324088,0.0732648843256217
4,0.4797919861324088,0.0700446696446429
5,0.4797919861324088,0.0776251750116674
6,0.4797919861324088,0.0842856190412694
7,0.4797919861324088,0.0730848723248216
8,0.4797919861324088,0.0886659110607374
9,0.4797919861324088,0.0630242016134409
