,trans point,distance
0,0.3546791900463527,0.059480361063674
1,0.3546791900463527,0.0546645523298365
2,0.3546791900463527,0.0546645523298365
3,0.3546791900463527,0.0523078799707245
4,0.3546791900463527,0.0548694803610636
5,0.3546791900463527,0.0579946328372773
6,0.3546791900463527,0.0576872407904366
7,0.3546791900463527,0.0496438155647718
8,0.3546791900463527,0.0546133203220297
9,0.3546791900463527,0.0553818004391314
