,trans point,distance
0,0.2924861827275758,0.0538082078026008
1,0.2924861827275758,0.0679977068356119
2,0.2924861827275758,0.061284395465155
3,0.2924861827275758,0.0655565027009003
4,0.2924861827275758,0.064183325375125
5,0.2924861827275758,0.0585888992330776
6,0.2924861827275758,0.0580803150383461
7,0.2924861827275758,0.0546728009336445
8,0.2924861827275758,0.0623524222740913
9,0.2924861827275758,0.0581820318772924
