,trans point,distance
0,0.4789878987898789,0.1293729372937294
1,0.4789878987898789,0.1214921492149215
2,0.4789878987898789,0.1358535853585358
3,0.4789878987898789,0.1314931493149314
4,0.4789878987898789,0.1007700770077007
5,0.4789878987898789,0.1158515851585158
6,0.4789878987898789,0.1143314331433143
7,0.4789878987898789,0.1130113011301129
8,0.4789878987898789,0.132053205320532
9,0.4789878987898789,0.1504150415041503
