,trans point,distance
0,0.9621301553253884,0.1089320723301807
1,0.9621301553253884,0.1148552871382178
2,0.9621301553253884,0.1219935049837626
3,0.9621301553253884,0.0965426413566035
4,0.9621301553253884,0.0996194490486226
5,0.9621301553253884,0.0772231930579827
6,0.9621301553253884,0.1020794551986381
7,0.9621301553253884,0.0963920409801024
8,0.9621301553253884,0.1117694794236985
9,0.9621301553253884,0.1243029107572768
