,trans point,distance
0,-0.0060965486503802,0.1019460152093373
1,-0.0060965486503802,0.0984562244073651
2,-0.0060965486503802,0.1149525056408256
3,-0.0060965486503802,0.1184723808462631
4,-0.0060965486503802,0.0980049583553859
5,-0.0060965486503802,0.1303757764840246
6,-0.0060965486503802,0.1216914120170478
7,-0.0060965486503802,0.0862219003314855
8,-0.0060965486503802,0.1199665728850385
9,-0.0060965486503802,0.1144310426474275
