,trans point,distance
0,0.2712806912590216,0.0670886968630595
1,0.2712806912590216,0.0727228641728383
2,0.2712806912590216,0.0771339560167932
3,0.2712806912590216,0.0868784589084391
4,0.2712806912590216,0.0569933116656446
5,0.2712806912590216,0.0866278286900325
6,0.2712806912590216,0.0769535022595405
7,0.2712806912590216,0.0667779153922354
8,0.2712806912590216,0.071830620595311
9,0.2712806912590216,0.0845826861078352
