,trans point,distance
0,-0.0049249886346416,0.043218669495378
1,-0.0049249886346416,0.0378239127140475
2,-0.0049249886346416,0.0439157448098196
3,-0.0049249886346416,0.0388543718745264
4,-0.0049249886346416,0.0440975905440218
5,-0.0049249886346416,0.0432489771177451
6,-0.0049249886346416,0.0422488255796332
7,-0.0049249886346416,0.0517957266252462
8,-0.0049249886346416,0.052735262918624
9,-0.0049249886346416,0.0394605243218669
