,trans point,distance
0,0.2776547437017427,0.1071740930362526
1,0.2776547437017427,0.0978354379586734
2,0.2776547437017427,0.1189776720935362
3,0.2776547437017427,0.0939276316493859
4,0.2776547437017427,0.0954907541731009
5,0.2776547437017427,0.1161720675637914
6,0.2776547437017427,0.0985568791234649
7,0.2776547437017427,0.0916230279285241
8,0.2776547437017427,0.0964526757261563
9,0.2776547437017427,0.1228053182734024
