,trans point,distance
0,5.882311215502055,0.6989101585437458
1,5.882311215502055,0.5548256018790365
2,5.882311215502055,0.5183041691133292
3,5.882311215502055,0.531311802701115
4,5.882311215502055,0.5703347034644741
5,5.882311215502055,0.5908467410452136
6,5.882311215502055,0.5683335290663534
7,5.882311215502055,0.5278097475044037
8,5.882311215502055,0.6403758073987076
9,5.882311215502055,0.6218649442160888
