,trans point,distance
0,-0.0047752921804088,0.3700550222900518
1,-0.0047752921804088,0.3668420418490702
2,-0.0047752921804088,0.3314590947427607
3,-0.0047752921804088,0.3221414514639141
4,-0.0047752921804088,0.4127474998995943
5,-0.0047752921804088,0.3251937828828466
6,-0.0047752921804088,0.2709345756857705
7,-0.0047752921804088,0.3653560383951162
8,-0.0047752921804088,0.3806578577452909
9,-0.0047752921804088,0.3038274629503192
