,trans point,distance
0,0.4816255222180022,0.0529889859475882
1,0.4816255222180022,0.0426585643752373
2,0.4816255222180022,0.0486441321686289
3,0.4816255222180022,0.052411697683251
4,0.4816255222180022,0.0445119635396885
5,0.4816255222180022,0.0439346752753513
6,0.4816255222180022,0.0413216862894036
7,0.4816255222180022,0.0461526775541207
8,0.4816255222180022,0.0454234713254842
9,0.4816255222180022,0.0500721610330421
