,trans point,distance
0,0.354700796745211,0.0783183590439057
1,0.354700796745211,0.0821427360569588
2,0.354700796745211,0.0874724529581285
3,0.354700796745211,0.0786031530767926
4,0.354700796745211,0.0764875402610612
5,0.354700796745211,0.0884488896423122
6,0.354700796745211,0.0677809798270893
7,0.354700796745211,0.0816952025767079
8,0.354700796745211,0.0703034412612307
9,0.354700796745211,0.0663976945244956
