,trans point,distance
0,-0.0052080529829282,0.2627583841262302
1,-0.0052080529829282,0.2808264070292092
2,-0.0052080529829282,0.3345291432491622
3,-0.0052080529829282,0.3200306076677485
4,-0.0052080529829282,0.2385941581572073
5,-0.0052080529829282,0.2259806327343729
6,-0.0052080529829282,0.2843357344520963
7,-0.0052080529829282,0.2822100846988047
8,-0.0052080529829282,0.2354257368268292
9,-0.0052080529829282,0.3106256101744109
