,trans point,distance
0,5.882342915511455,0.3099150736903544
1,5.882342915511455,0.3664178218784961
2,5.882342915511455,0.3003146067415727
3,5.882342915511455,0.3934191351719436
4,5.882342915511455,0.288214018191546
5,5.882342915511455,0.4379212996741088
6,5.882342915511455,0.444521620701396
7,5.882342915511455,0.3580174132983122
8,5.882342915511455,0.3548172576487181
9,5.882342915511455,0.3194155357750858
