,trans point,distance
0,-0.0047713226205191,0.0896460276435554
1,-0.0047713226205191,0.1104798291942915
2,-0.0047713226205191,0.1171951904708394
3,-0.0047713226205191,0.1328913361051803
4,-0.0047713226205191,0.0974536464771322
5,-0.0047713226205191,0.0975345544443196
6,-0.0047713226205191,0.1249623553208225
7,-0.0047713226205191,0.1402944151028205
8,-0.0047713226205191,0.1042499157208675
9,-0.0047713226205191,0.0979390942802562
