,trans point,distance
0,0.2877891158596602,0.0894399010001587
1,0.2877891158596602,0.0885579297666296
2,0.2877891158596602,0.1237565999047468
3,0.2877891158596602,0.0829453855532624
4,0.2877891158596602,0.1038320679472932
5,0.2877891158596602,0.109163984949992
6,0.2877891158596602,0.0904020514367359
7,0.2877891158596602,0.1152976939831719
8,0.2877891158596602,0.1114090026353389
9,0.2877891158596602,0.0901214242260676
