,trans point,distance
0,0.3546754628644392,0.0653756118323046
1,0.3546754628644392,0.0906065120238348
2,0.3546754628644392,0.0875420302191955
3,0.3546754628644392,0.0646605660778888
4,0.3546754628644392,0.0866737603745477
5,0.3546754628644392,0.0662438816769525
6,0.3546754628644392,0.0867248350712917
7,0.3546754628644392,0.0611874866992976
8,0.3546754628644392,0.0802894232815492
9,0.3546754628644392,0.0645584166844008
