,trans point,distance
0,0.3547072704798292,0.0499606697381728
1,0.3547072704798292,0.0409192044049893
2,0.3547072704798292,0.03772333970109
3,0.3547072704798292,0.0458545904034161
4,0.3547072704798292,0.042395774806158
5,0.3547072704798292,0.0504865715248904
6,0.3547072704798292,0.0571614788178447
7,0.3547072704798292,0.051012473311608
8,0.3547072704798292,0.0485447803123946
9,0.3547072704798292,0.0458141364198224
