,trans point,distance
0,0.2712799155372675,0.0622628261680295
1,0.2712799155372675,0.0577503005156518
2,0.2712799155372675,0.0654817611333923
3,0.2712799155372675,0.0599163128287931
4,0.2712799155372675,0.0788689205687796
5,0.2712799155372675,0.0801424555862284
6,0.2712799155372675,0.0660533477160268
7,0.2712799155372675,0.0826193307776446
8,0.2712799155372675,0.065912958029064
9,0.2712799155372675,0.0625235498723891
