,trans point,distance
0,-0.005216840561352,0.2124670822360745
1,-0.005216840561352,0.2046868228940965
2,-0.005216840561352,0.1765658855295176
3,-0.005216840561352,0.2106070202340078
4,-0.005216840561352,0.2054468482282743
5,-0.005216840561352,0.1755658521950732
6,-0.005216840561352,0.1807260242008067
7,-0.005216840561352,0.1407046901563385
8,-0.005216840561352,0.188646288209607
9,-0.005216840561352,0.1250241674722491
