,trans point,distance
0,5.882153566201195,0.6556259345701969
1,5.882153566201195,1.6024633885834092
2,5.882153566201195,0.660826140274537
3,5.882153566201195,1.4200561731081134
4,5.882153566201195,1.6814665137070302
5,5.882153566201195,1.3016514893785356
6,5.882153566201195,1.7626697258594088
7,5.882153566201195,1.3276525179002334
8,5.882153566201195,1.4288565212231497
9,5.882153566201195,1.1468453657185815
