,trans point,distance
0,0.3547020443671161,0.0275598086124401
1,0.3547020443671161,0.0256285341452805
2,0.3547020443671161,0.0246889952153109
3,0.3547020443671161,0.0259939103958242
4,0.3547020443671161,0.0229143105698129
5,0.3547020443671161,0.0259417137886037
6,0.3547020443671161,0.0232796868203566
7,0.3547020443671161,0.0225489343192692
8,0.3547020443671161,0.0218181818181817
9,0.3547020443671161,0.0189995650282731
