,trans point,distance
0,0.3546909463965119,0.0231751731213131
1,0.3546909463965119,0.0227442934085663
2,0.3546909463965119,0.0213901000256476
3,0.3546909463965119,0.020589894844832
4,0.3546909463965119,0.0199743523980507
5,0.3546909463965119,0.0270530905360348
6,0.3546909463965119,0.0231751731213131
7,0.3546909463965119,0.0199743523980507
8,0.3546909463965119,0.0251449089510131
9,0.3546909463965119,0.0204360092331367
