,trans point,distance
0,0.9604113208226416,0.1484138968277937
1,0.9604113208226416,0.164261128522257
2,0.9604113208226416,0.1471234942469885
3,0.9604113208226416,0.1474098948197897
4,0.9604113208226416,0.1471314942629884
5,0.9604113208226416,0.1152250304500608
6,0.9604113208226416,0.1141178282356565
7,0.9604113208226416,0.1619731239462478
8,0.9604113208226416,0.140509881019762
9,0.9604113208226416,0.1520659041318082
