,trans point,distance
0,-0.0061052187775859,0.2908465197169923
1,-0.0061052187775859,0.2767277566239344
2,-0.0061052187775859,0.3022216366487042
3,-0.0061052187775859,0.2947817494301638
4,-0.0061052187775859,0.2991275247368213
5,-0.0061052187775859,0.2730628862040343
6,-0.0061052187775859,0.2672852079737546
7,-0.0061052187775859,0.3142075653170661
8,-0.0061052187775859,0.2250590916876375
9,-0.0061052187775859,0.2928892343772645
