,trans point,distance
0,0.4793978082774763,0.1020044685604851
1,0.4793978082774763,0.104713267368869
2,0.4793978082774763,0.1348334929247792
3,0.4793978082774763,0.1034599425470794
4,0.4793978082774763,0.1137291201191616
5,0.4793978082774763,0.1082306628364719
6,0.4793978082774763,0.1427173103521651
7,0.4793978082774763,0.1388764762208746
8,0.4793978082774763,0.1025704862219385
9,0.4793978082774763,0.1297393339716991
