,trans point,distance
0,0.9612522020870036,0.1387997313328854
1,0.9612522020870036,0.1336988228313713
2,0.9612522020870036,0.1811309018848363
3,0.9612522020870036,0.1426875378125629
4,0.9612522020870036,0.1404895341492236
5,0.9612522020870036,0.1546477577462628
6,0.9612522020870036,0.1465298442164069
7,0.9612522020870036,0.1664105773509621
8,0.9612522020870036,0.1633998723331204
9,0.9612522020870036,0.1426616377693963
