,trans point,distance
0,0.3547059667926695,0.1524934207378343
1,0.3547059667926695,0.1765692138379826
2,0.3547059667926695,0.1421436432365185
3,0.3547059667926695,0.1253026460596201
4,0.3547059667926695,0.1553471457964496
5,0.3547059667926695,0.169294224604048
6,0.3547059667926695,0.1384257619981817
7,0.3547059667926695,0.1407167807072109
8,0.3547059667926695,0.127975501220154
9,0.3547059667926695,0.1344466242403943
