,trans point,distance
0,0.354700796745211,0.0200779793185285
1,0.354700796745211,0.0204848279369384
2,0.354700796745211,0.0258552296999491
3,0.354700796745211,0.0266892693676894
4,0.354700796745211,0.0254890659433802
5,0.354700796745211,0.0215222919138837
6,0.354700796745211,0.0177589421935921
7,0.354700796745211,0.0246753687065604
8,0.354700796745211,0.0221732497033395
9,0.354700796745211,0.0271978301407018
