,trans point,distance
0,-0.0049211431281868,0.2477758014150756
1,-0.0049211431281868,0.3039218941460136
2,-0.0049211431281868,0.3039519348590853
3,-0.0049211431281868,0.2147009763231748
4,-0.0049211431281868,0.2864381991383058
5,-0.0049211431281868,0.2429392466105379
6,-0.0049211431281868,0.31903237282106
7,-0.0049211431281868,0.2733404482390608
8,-0.0049211431281868,0.2328756077315308
9,-0.0049211431281868,0.3446270603581168
