,trans point,distance
0,0.3547036147270797,0.0448516676909324
1,0.3547036147270797,0.0557226660707302
2,0.3547036147270797,0.0480998938488183
3,0.3547036147270797,0.044328733448796
4,0.3547036147270797,0.0461087211576066
5,0.3547036147270797,0.048039555282418
6,0.3547036147270797,0.0517805463992401
7,0.3547036147270797,0.0404972344823733
8,0.3547036147270797,0.0517906028269736
9,0.3547036147270797,0.0518308285379071
