,trans point,distance
0,0.4800976971388695,0.0429355664107932
1,0.4800976971388695,0.044419632472668
2,0.4800976971388695,0.0389951151430565
3,0.4800976971388695,0.0464666201442195
4,0.4800976971388695,0.0368457780879274
5,0.4800976971388695,0.0449825540823447
6,0.4800976971388695,0.0546033961386369
7,0.4800976971388695,0.0542451732961153
8,0.4800976971388695,0.0367946033961386
9,0.4800976971388695,0.0352593626424749
