,trans point,distance
0,-0.0052163544751721,0.1974675949074964
1,-0.0052163544751721,0.1738266856417554
2,-0.0052163544751721,0.1641663140890034
3,-0.0052163544751721,0.1971875841378514
4,-0.0052163544751721,0.1904673256663718
5,-0.0052163544751721,0.1715465979460748
6,-0.0052163544751721,0.1625462517789145
7,-0.0052163544751721,0.1741466979499211
8,-0.0052163544751721,0.1311050425016346
9,-0.0052163544751721,0.2051078887649525
