,trans point,distance
0,-0.005213229516394,0.0798857061218658
1,-0.005213229516394,0.0883663118794199
2,-0.005213229516394,0.0669647831987999
3,-0.005213229516394,0.0764654618187013
4,-0.005213229516394,0.0664047431959425
5,-0.005213229516394,0.078005571826559
6,-0.005213229516394,0.0626644760340024
7,-0.005213229516394,0.077545538967069
8,-0.005213229516394,0.0705250375026787
9,-0.005213229516394,0.0648046289020644
