,trans point,distance
0,0.9612523488376672,0.1232740008006281
1,0.9612523488376672,0.0933453792156029
2,0.9612523488376672,0.1146058655863289
3,0.9612523488376672,0.1203717890103928
4,0.9612523488376672,0.090268866717271
5,0.9612523488376672,0.0947334848547822
6,0.9612523488376672,0.0988957017637883
7,0.9612523488376672,0.1222036964525168
8,0.9612523488376672,0.0923436751461801
9,0.9612523488376672,0.1184621812526112
