,trans point,distance
0,0.962130135065511,0.1631157545994664
1,0.962130135065511,0.1761147828582235
2,0.962130135065511,0.1309796847384451
3,0.962130135065511,0.1860472044504445
4,0.962130135065511,0.1916032165287317
5,0.962130135065511,0.1211642634005726
6,0.962130135065511,0.11462004917402
7,0.962130135065511,0.1173164550357718
8,0.962130135065511,0.1532235330946371
9,0.962130135065511,0.1585203446094448
