,trans point,distance
0,0.9596008937029046,0.1397830542949263
1,0.9596008937029046,0.1417576607123973
2,0.9596008937029046,0.1694975508670402
3,0.9596008937029046,0.1622975274669642
4,0.9596008937029046,0.149411285586678
5,0.9596008937029046,0.1496434863413305
6,0.9596008937029046,0.1369615451250216
7,0.9596008937029046,0.1735844641495085
8,0.9596008937029046,0.1524505954644353
9,0.9596008937029046,0.1394518532185229
