,trans point,distance
0,5.882313188845329,1.3332986167615948
1,5.882313188845329,1.278694578001331
2,5.882313188845329,1.2444920482284196
3,5.882313188845329,0.7944587617427317
4,5.882313188845329,0.969071676899179
5,5.882313188845329,1.2963958872697685
6,5.882313188845329,1.2624933796878466
7,5.882313188845329,0.8388620460093197
8,5.882313188845329,1.077979732228715
9,5.882313188845329,0.4464330201938011
