,trans point,distance
0,0.3546644173996867,0.1387685263284733
1,0.3546644173996867,0.154052295457284
2,0.3546644173996867,0.1439812025545246
3,0.3546644173996867,0.1494469213158211
4,0.3546644173996867,0.1406410410892878
5,0.3546644173996867,0.1299626461019399
6,0.3546644173996867,0.1896300759127605
7,0.3546644173996867,0.1209543318472105
8,0.3546644173996867,0.1968670924207735
9,0.3546644173996867,0.1135654898180503
