,trans_time1,trans_value1,trans_time2,trans_value2
0,757978,1.152827882419849,732021,0.8832263162484113
