,trans point,distance
0,-0.0061066466659523,0.0751326833101182
1,-0.0061066466659523,0.0781427908139576
2,-0.0061066466659523,0.0905432336869174
3,-0.0061066466659523,0.0710925390192507
4,-0.0061066466659523,0.0965734490517518
5,-0.0061066466659523,0.076272724025858
6,-0.0061066466659523,0.0613521911496839
7,-0.0061066466659523,0.0632422586520947
8,-0.0061066466659523,0.0804528733169041
9,-0.0061066466659523,0.0790928247437408
