,trans point,distance
0,0.9596008295670208,0.1546707362407309
1,0.9596008295670208,0.1807086928449843
2,0.9596008295670208,0.2107930582457788
3,0.9596008295670208,0.1611390503022831
4,0.9596008295670208,0.173110876327992
5,0.9596008295670208,0.149809825673534
6,0.9596008295670208,0.2169094715423294
7,0.9596008295670208,0.173198176517775
8,0.9596008295670208,0.167796364774706
9,0.9596008295670208,0.1785036880514958
