,trans point,distance
0,0.3547104798722581,0.0874359189847885
1,0.3547104798722581,0.0655920665602151
2,0.3547104798722581,0.0852374149088158
3,0.3547104798722581,0.0808000672325405
4,0.3547104798722581,0.0688595680309269
5,0.3547104798722581,0.0842087570384065
6,0.3547104798722581,0.0720262206908143
7,0.3547104798722581,0.0661769896629968
8,0.3547104798722581,0.0675687032523741
9,0.3547104798722581,0.0649869736952684
