,trans point,distance
0,0.479719976664722,0.0872772731060921
1,0.479719976664722,0.0905475456288024
2,0.479719976664722,0.0860171680973414
3,0.479719976664722,0.0781865155429619
4,0.479719976664722,0.0849370780898408
5,0.479719976664722,0.1215401283440286
6,0.479719976664722,0.0861671805983831
7,0.479719976664722,0.1128094007833986
8,0.479719976664722,0.0804367030585882
9,0.479719976664722,0.1172497708142345
