,trans point,distance
0,5.882065852756197,1.4005179430262675
1,5.882065852756197,1.1659311875693676
2,5.882065852756197,1.2139489456159822
3,5.882065852756197,1.094404735479098
4,5.882065852756197,1.1279171291157972
5,5.882065852756197,1.1614295227524971
6,5.882065852756197,1.0854014058453574
7,5.882065852756197,1.3089840917499078
8,5.882065852756197,1.394515723270441
9,5.882065852756197,1.2904772475027748
