,trans point,distance
0,5.882231444046075,2.128486993668472
1,5.882231444046075,1.0997516210237244
2,5.882231444046075,1.7328964833320617
3,5.882231444046075,1.8784297810664432
4,5.882231444046075,1.8829308108932792
5,5.882231444046075,1.1787697002059652
6,5.882231444046075,2.6015952399115108
7,5.882231444046075,1.8814304676176663
8,5.882231444046075,1.1307587153863752
9,5.882231444046075,1.9744517507056216
