,trans point,distance
0,0.3546917972882007,0.1687431483796519
1,0.3546917972882007,0.1577978651793441
2,0.3546917972882007,0.1472968554668718
3,0.3546917972882007,0.1355841907875757
4,0.3546917972882007,0.1894220598134436
5,0.3546917972882007,0.1605038946052505
6,0.3546917972882007,0.1392999326858351
7,0.3546917972882007,0.1227406481392441
8,0.3546917972882007,0.1603019521107798
9,0.3546917972882007,0.1435407250697182
