,trans point,distance
0,-0.0046367551048756,0.123017085706348
1,-0.0046367551048756,0.1085150715377135
2,-0.0046367551048756,0.1052146131407139
3,-0.0046367551048756,0.1020141686345325
4,-0.0046367551048756,0.1052146131407139
5,-0.0046367551048756,0.1140158355327128
6,-0.0046367551048756,0.1236171690512571
7,-0.0046367551048756,0.1035143769968051
8,-0.0046367551048756,0.1045645228503958
9,-0.0046367551048756,0.0983136546742603
