,trans point,distance
0,5.882350099919215,2.398001955865471
1,5.882350099919215,2.8348205280836773
2,5.882350099919215,2.66141315532123
3,5.882350099919215,1.9404825035078028
4,5.882350099919215,1.1292480122454194
5,5.882350099919215,2.335599302691441
6,5.882350099919215,3.0379291636549177
7,5.882350099919215,2.365900591011523
8,5.882350099919215,0.9111387388919604
9,5.882350099919215,0.8466359964284198
