,trans point,distance
0,0.3547059667926695,0.0616766352457055
1,0.3547059667926695,0.0512565194506914
2,0.3547059667926695,0.0449562180008613
3,0.3547059667926695,0.0663591559404756
4,0.3547059667926695,0.0577577874539452
5,0.3547059667926695,0.0469156418967414
6,0.3547059667926695,0.0584410737355854
7,0.3547059667926695,0.0572855160533997
8,0.3547059667926695,0.0566223264271018
9,0.3547059667926695,0.0565017464950476
