,trans point,distance
0,0.9612523041743471,0.1072466574888582
1,0.9612523041743471,0.120416501388338
2,0.9612523041743471,0.1293982313274377
3,0.9612523041743471,0.1160589868632895
4,0.9612523041743471,0.1205187017290057
5,0.9612523041743471,0.1210885036283453
6,0.9612523041743471,0.1264715215717384
7,0.9612523041743471,0.1201505005016683
8,0.9612523041743471,0.1207189023963413
9,0.9612523041743471,0.1220076066920223
