,trans point,distance
0,5.882113514106927,1.3449428038203974
1,5.882113514106927,1.377953672192337
2,5.882113514106927,1.272919091008892
3,5.882113514106927,1.5755187177516738
4,5.882113514106927,1.221402129761774
5,5.882113514106927,1.4284703040948514
6,5.882113514106927,1.2399082226369522
7,5.882113514106927,1.6460419365462728
8,5.882113514106927,1.3274370402898237
9,5.882113514106927,1.529003403227577
