,trans point,distance
0,5.882336627247692,1.4148763972136722
1,5.882336627247692,1.6323881419083106
2,5.882336627247692,1.921903774501863
3,5.882336627247692,1.7238930827798482
4,5.882336627247692,1.4514783735622876
5,5.882336627247692,0.9990539445974412
6,5.882336627247692,1.8216983638425408
7,5.882336627247692,1.0872587072736115
8,5.882336627247692,0.4431239267779032
9,5.882336627247692,1.3197712619471895
