,trans point,distance
0,0.3547006352209758,0.0344438437626706
1,0.3547006352209758,0.0458575483173401
2,0.3547006352209758,0.0348898499797269
3,0.3547006352209758,0.0386403568049736
4,0.3547006352209758,0.0407082038113258
5,0.3547006352209758,0.0416407622651709
6,0.3547006352209758,0.039289093120692
7,0.3547006352209758,0.044924989863495
8,0.3547006352209758,0.0378699824300581
9,0.3547006352209758,0.038478172726044
