,trans point,distance
0,-0.0061051662178799,0.4463608244326769
1,-0.0061051662178799,0.3988728615902061
2,-0.0061051662178799,0.3688125006256318
3,-0.0061051662178799,0.2267189861760377
4,-0.0061051662178799,0.3894333276609375
5,-0.0061051662178799,0.4177819597793771
6,-0.0061051662178799,0.3513248380864673
7,-0.0061051662178799,0.3407841920339542
8,-0.0061051662178799,0.4236779146938407
9,-0.0061051662178799,0.3907446520986195
