,trans point,distance
0,0.3546951626046374,0.0923668419882954
1,0.3546951626046374,0.0878665086302689
2,0.3546951626046374,0.0770657085710052
3,0.3546951626046374,0.0732654270686717
4,0.3546951626046374,0.0966671605304096
5,0.3546951626046374,0.0765456700496333
6,0.3546951626046374,0.0891066004889251
7,0.3546951626046374,0.0933469145862656
8,0.3546951626046374,0.0978472479442922
9,0.3546951626046374,0.0759456256018964
