,trans point,distance
0,0.2776543677636934,0.0614338542621235
1,0.2776543677636934,0.0702617105244796
2,0.2776543677636934,0.0737527264100476
3,0.2776543677636934,0.064162464379579
4,0.2776543677636934,0.0661487320386091
5,0.2776543677636934,0.0556756843819048
6,0.2776543677636934,0.0652659464123735
7,0.2776543677636934,0.0701012040469822
8,0.2776543677636934,0.0572205592278171
9,0.2776543677636934,0.0679544299104547
