,trans point,distance
0,0.2830094075949366,0.0775332675105484
1,0.2830094075949366,0.0684471026722924
2,0.2830094075949366,0.0795791589310829
3,0.2830094075949366,0.0740131308016877
4,0.2830094075949366,0.0773527476793248
5,0.2830094075949366,0.0912828613220815
6,0.2830094075949366,0.0676949367088607
7,0.2830094075949366,0.0718468928270041
8,0.2830094075949366,0.0842726745428972
9,0.2830094075949366,0.0661906047819971
