,trans point,distance
0,0.9630535927258717,0.1100481618355322
1,0.9630535927258717,0.1278516880171882
2,0.9630535927258717,0.1350111985458801
3,0.9630535927258717,0.1304316918113115
4,0.9630535927258717,0.1290361897591025
5,0.9630535927258717,0.1311146928157247
6,0.9630535927258717,0.0918571350840222
7,0.9630535927258717,0.1093596608230307
8,0.9630535927258717,0.1135976670553926
9,0.9630535927258717,0.1032801518825763
