,trans point,distance
0,0.959600912860403,0.1338718781138503
1,0.959600912860403,0.1374052907331813
2,0.959600912860403,0.1660442930153323
3,0.959600912860403,0.1546952524830447
4,0.959600912860403,0.1655159911285397
5,0.959600912860403,0.1320340715502557
6,0.959600912860403,0.1626980810645752
7,0.959600912860403,0.1473161261290219
8,0.959600912860403,0.1358554851981614
9,0.959600912860403,0.15803066439523
