,trans point,distance
0,0.2712798915454963,0.052915399776301
1,0.2712798915454963,0.0587759333377195
2,0.2712798915454963,0.043602771103362
3,0.2712798915454963,0.04951348046582
4,0.2712798915454963,0.0538185641950128
5,0.2712798915454963,0.0460914908349233
6,0.2712798915454963,0.0573107999473649
7,0.2712798915454963,0.0456700141061911
8,0.2712798915454963,0.0454492405816171
9,0.2712798915454963,0.0477171867886044
