,trans point,distance
0,0.9604107221905184,0.1018797433586312
1,0.9604107221905184,0.0820844377836681
2,0.9604107221905184,0.1081261766729421
3,0.9604107221905184,0.1036909530184161
4,0.9604107221905184,0.0967213158470178
5,0.9604107221905184,0.1062909668851567
6,0.9604107221905184,0.1166462221131846
7,0.9604107221905184,0.1099805865631283
8,0.9604107221905184,0.0910628856687235
9,0.9604107221905184,0.1049837599133861
