,trans point,distance
0,0.2832338570914182,0.0503736316063212
1,0.2832338570914182,0.0619372938587717
2,0.2832338570914182,0.0513499830366072
3,0.2832338570914182,0.058275975995199
4,0.2832338570914182,0.0479022420484096
5,0.2832338570914182,0.0477801981196238
6,0.2832338570914182,0.0484514397279455
7,0.2832338570914182,0.0475055992798559
8,0.2832338570914182,0.0439968363272654
9,0.2832338570914182,0.0422577103420683
