,trans point,distance
0,0.3547112948393118,0.1072543005734097
1,0.3547112948393118,0.0907721029470595
2,0.3547112948393118,0.1249366582210961
3,0.3547112948393118,0.0986931590878783
4,0.3547112948393118,0.0975730097346312
5,0.3547112948393118,0.0802106947593012
6,0.3547112948393118,0.1145352713695158
7,0.3547112948393118,0.090212028270436
8,0.3547112948393118,0.0818509134551273
9,0.3547112948393118,0.1284571276170155
