,trans point,distance
0,5.882004782669855,0.951901533267688
1,5.882004782669855,0.962906175270783
2,5.882004782669855,0.8468572232381479
3,5.882004782669855,1.1534865663243767
4,5.882004782669855,0.8653650302433533
5,5.882004782669855,1.2560298213532135
6,5.882004782669855,1.1870007033338013
7,5.882004782669855,0.6767854831903213
8,5.882004782669855,0.5287230271486845
9,5.882004782669855,1.1469838233225484
