,trans_time1,trans_value1,trans_time2,trans_value2
0,46053,4.5898216136706464,46053,4.834956347098733
