,trans point,distance
0,0.465606565786099,0.0249294690946396
1,0.465606565786099,0.0360605283406001
2,0.465606565786099,0.028981790202616
3,0.465606565786099,0.0258527827648114
4,0.465606565786099,0.0244165170556552
5,0.465606565786099,0.0297512182610925
6,0.465606565786099,0.0231341369581943
7,0.465606565786099,0.0280071813285457
8,0.465606565786099,0.0285201333675301
9,0.465606565786099,0.0327263400872018
