,trans point,distance
0,0.2712881161300098,0.038455068717327
1,0.2712881161300098,0.0449613048867338
2,0.2712881161300098,0.0465376614895068
3,0.2712881161300098,0.0453629244033639
4,0.2712881161300098,0.0440978229259792
5,0.2712881161300098,0.0364871330858398
6,0.2712881161300098,0.0344589545268581
7,0.2712881161300098,0.0383847853019168
8,0.2712881161300098,0.0349208169709826
9,0.2712881161300098,0.0437162843851807
