,trans point,distance
0,0.4808001212304895,0.0308228519472647
1,0.4808001212304895,0.0386725261403242
2,0.4808001212304895,0.0331868464918927
3,0.4808001212304895,0.0345809971207758
4,0.4808001212304895,0.0406728292165479
5,0.4808001212304895,0.0285194726473708
6,0.4808001212304895,0.0341263827852705
7,0.4808001212304895,0.0303076223670253
8,0.4808001212304895,0.0363388392180633
9,0.4808001212304895,0.0320957720866798
