,trans point,distance
0,0.2923336683830339,0.1075661226893869
1,0.2923336683830339,0.1169548128912761
2,0.2923336683830339,0.1371960213372846
3,0.2923336683830339,0.1090804275606593
4,0.2923336683830339,0.1070613543989627
5,0.2923336683830339,0.1134719116873494
6,0.2923336683830339,0.1028717775884422
7,0.2923336683830339,0.1370950676791998
8,0.2923336683830339,0.1275044701611409
9,0.2923336683830339,0.1125128519355435
