,trans point,distance
0,0.3546827425269474,0.0778886542949216
1,0.3546827425269474,0.0766285142793643
2,0.3546827425269474,0.0810990110012223
3,0.3546827425269474,0.0996410712301366
4,0.3546827425269474,0.0833192576952994
5,0.3546827425269474,0.107831981331259
6,0.3546827425269474,0.0990410045560618
7,0.3546827425269474,0.0793288143127013
8,0.3546827425269474,0.0964307145238359
9,0.3546827425269474,0.0693377041893543
