,trans point,distance
0,0.9630535788169736,0.129905162381453
1,0.9630535788169736,0.1252871566089458
2,0.9630535788169736,0.144602680753351
3,0.9630535788169736,0.1512351890439863
4,0.9630535788169736,0.1537636922046154
5,0.9630535788169736,0.1211951514939394
6,0.9630535788169736,0.1202506503133128
7,0.9630535788169736,0.1433931792414741
8,0.9630535788169736,0.1211261514076892
9,0.9630535788169736,0.1504936881171102
