,trans point,distance
0,0.2831688860773181,0.0431358743444173
1,0.2831688860773181,0.035956702027575
2,0.2831688860773181,0.033462243849689
3,0.2831688860773181,0.0382077984320086
4,0.2831688860773181,0.0304202216815355
5,0.2831688860773181,0.0314849294403892
6,0.2831688860773181,0.0383598995404163
7,0.2831688860773181,0.0323671158691538
8,0.2831688860773181,0.035956702027575
9,0.2831688860773181,0.0448089865369018
