,trans point,distance
0,0.9612522684437382,0.0758179084992484
1,0.9612522684437382,0.1478040064610178
2,0.9612522684437382,0.089404245861676
3,0.9612522684437382,0.1555887278690017
4,0.9612522684437382,0.1663337574178328
5,0.9612522684437382,0.1535314222114111
6,0.9612522684437382,0.1706051691642153
7,0.9612522684437382,0.1770038867606885
8,0.9612522684437382,0.1623759465338529
9,0.9612522684437382,0.1394207834071544
