,trans point,distance
0,5.882315501475988,1.982142702858377
1,5.882315501475988,1.673320469436244
2,5.882315501475988,1.6013152854777155
3,5.882315501475988,0.6952500539995672
4,5.882315501475988,1.1608835769313846
5,5.882315501475988,1.4813066455468356
6,5.882315501475988,1.2688913528691763
7,5.882315501475988,1.7637269781841738
8,5.882315501475988,1.3500971992224056
9,5.882315501475988,1.6821211030311751
