,trans point,distance
0,0.9612522148479028,0.2079269898631059
1,0.9612522148479028,0.0890842670330007
2,0.9612522148479028,0.1960591676109393
3,0.9612522148479028,0.1910044581333589
4,0.9612522148479028,0.1928223615419277
5,0.9612522148479028,0.1813269399880124
6,0.9612522148479028,0.1459131735872005
7,0.9612522148479028,0.1694367176938456
8,0.9612522148479028,0.2009647768089564
9,0.9612522148479028,0.1843348456278355
