,trans point,distance
0,0.9596009302763217,0.1632003305467317
1,0.9596009302763217,0.1539680948767301
2,0.9596009302763217,0.1431401530415004
3,0.9596009302763217,0.1687506519911554
4,0.9596009302763217,0.1554549006212069
5,0.9596009302763217,0.1422905497589421
6,0.9596009302763217,0.1323707114322942
7,0.9596009302763217,0.190897037556736
8,0.9596009302763217,0.15821971130343
9,0.9596009302763217,0.1722318654412984
