,trans point,distance
0,0.2924053721505659,0.065576881705712
1,0.2924053721505659,0.0724183647275599
2,0.2924053721505659,0.0705432916030534
3,0.2924053721505659,0.0714048116872861
4,0.2924053721505659,0.0720129435114504
5,0.2924053721505659,0.070441936299026
6,0.2924053721505659,0.0654248487496709
7,0.2924053721505659,0.0753069908923401
8,0.2924053721505659,0.077435452276915
9,0.2924053721505659,0.0752563132403264
