,trans point,distance
0,5.882266992885064,1.1191314716386849
1,5.882266992885064,0.8225231305717262
2,5.882266992885064,0.8133228718467898
3,5.882266992885064,0.8939251385022073
4,5.882266992885064,0.7044198093309708
5,5.882266992885064,0.9865277426249328
6,5.882266992885064,1.11153125790939
7,5.882266992885064,1.0385292049832673
8,5.882266992885064,0.771121685086757
9,5.882266992885064,0.9278260918473524
