,trans point,distance
0,0.4778830393110154,0.0951132101680788
1,0.4778830393110154,0.1226670370884844
2,0.4778830393110154,0.0942630920961244
3,0.4778830393110154,0.1268176135574385
4,0.4778830393110154,0.1185164606195304
5,0.4778830393110154,0.1124656202250312
6,0.4778830393110154,0.0897124600638977
7,0.4778830393110154,0.1021141825253507
8,0.4778830393110154,0.0882622586470343
9,0.4778830393110154,0.0995638283094874
