,trans point,distance
0,0.282999580283367,0.1065839978568877
1,0.282999580283367,0.1215568697702107
2,0.282999580283367,0.1115148231456125
3,0.282999580283367,0.0936255484700559
4,0.282999580283367,0.091761455982855
5,0.282999580283367,0.1098311267055601
6,0.282999580283367,0.0847560761519228
7,0.282999580283367,0.0915509939278485
8,0.282999580283367,0.1070349879747588
9,0.282999580283367,0.0984060437194903
