,trans point,distance
0,5.882246367325566,0.7536986516559754
1,5.882246367325566,0.6360832569708075
2,5.882246367325566,0.9101191255399916
3,5.882246367325566,0.5744751930880998
4,5.882246367325566,0.6888901688702704
5,5.882246367325566,0.7853027883230785
6,5.882246367325566,0.8513114281974072
7,5.882246367325566,0.7669003796308411
8,5.882246367325566,0.7516983898416019
9,5.882246367325566,0.9313219007723524
