,trans point,distance
0,0.9621300887572696,0.1253041790059699
1,0.9621300887572696,0.1430684043834349
2,0.9621300887572696,0.1594664278091826
3,0.9621300887572696,0.1770950529929329
4,0.9621300887572696,0.1601276287537554
5,0.9621300887572696,0.1734668478097827
6,0.9621300887572696,0.1532732189617414
7,0.9621300887572696,0.1447622068031526
8,0.9621300887572696,0.112244560349372
9,0.9621300887572696,0.173185447407782
