,trans point,distance
0,0.9630535829652408,0.1171541541502027
1,0.9630535829652408,0.1266586666561403
2,0.9630535829652408,0.1301136712021989
3,0.9630535829652408,0.1557132048857959
4,0.9630535829652408,0.141741686502219
5,0.9630535829652408,0.1396351837305048
6,0.9630535829652408,0.1498856972180225
7,0.9630535829652408,0.1617812128700168
8,0.9630535829652408,0.1495671967989432
9,0.9630535829652408,0.1190756566784957
