,trans point,distance
0,0.4798845139964015,0.0459835139545588
1,0.4798845139964015,0.0588074814845809
2,0.4798845139964015,0.0434930331813047
3,0.4798845139964015,0.0431917653458303
4,0.4798845139964015,0.0455516967237122
5,0.4798845139964015,0.056658437591531
6,0.4798845139964015,0.0609063140717184
7,0.4798845139964015,0.0530331813046571
8,0.4798845139964015,0.0514565462990083
9,0.4798845139964015,0.0442160759864429
