,trans point,distance
0,5.882171628721541,0.3900758902510217
1,5.882171628721541,0.3152613348900566
2,5.882171628721541,0.4012780696633582
3,5.882171628721541,0.362470519556334
4,5.882171628721541,0.3560692741778553
5,5.882171628721541,0.3308643705000973
6,5.882171628721541,0.3048593111500288
7,5.882171628721541,0.3268635921385483
8,5.882171628721541,0.3960770577933452
9,5.882171628721541,0.439685541934228
