,trans point,distance
0,-0.005218443021918,0.2485182453759697
1,-0.005218443021918,0.2684975957992861
2,-0.005218443021918,0.2067341219505
3,-0.005218443021918,0.2697011711259919
4,-0.005218443021918,0.2440449570783799
5,-0.005218443021918,0.2300834832885925
6,-0.005218443021918,0.2981256084250273
7,-0.005218443021918,0.2805935278326794
8,-0.005218443021918,0.2616973952033983
9,-0.005218443021918,0.189242160535709
