,trans point,distance
0,5.882262237351802,0.5658664162460383
1,5.882262237351802,0.5205610987205072
2,5.882262237351802,0.475255781194976
3,5.882262237351802,0.5241615213053175
4,5.882262237351802,0.5640662049536331
5,5.882262237351802,0.4620542317173379
6,5.882262237351802,0.562265993661228
7,5.882262237351802,0.6048709942481514
8,5.882262237351802,0.456353562624721
9,5.882262237351802,0.6042709238173494
