,preds_1,preds_20,preds_21,preds_22,preds_3,preds_4
0,792.6217420633956,1.388291296248977,0.861347640798773,0.9577670612567313,-146.90830798131287,-279.3757261968658
1,736.9038023582691,1.259666639643433,1.194312056928825,1.7791850818941541,-145.00326629924305,-275.25515172926
2,793.852209236098,1.3243482623222942,3.518311590289123,0.5617476149842392,-254.1612732000037,-275.72004540493623
3,883.6606172964767,1.3949371163967734,1.482573914208655,0.6832962069952728,-145.96761299903574,-275.05898891638805
