,preds_1,preds_20,preds_21,preds_22,preds_3,preds_4
0,899.3186596,1.388291296,1.657359353,0.280649944,-126.5681673,-253.0707762
1,1064.649521,1.699927447,-0.068621047,1.461704113,-146.7109833,-276.5763543
2,858.8609553,1.274952866,4.128804905,1.531658968,-145.4692282,-275.7200454
3,910.3641498,1.359681875,-0.018887415,0.735625306,-144.0852679,-275.0589889
