,preds_1,preds_20,preds_21,preds_22,preds_3,preds_4
0,846.1625271,1.876211245,2.064307782,2.06821054,-148.7734417,-284.6280416
1,842.9625286,0.466103707,0.517526502,0.707980893,-148.3203456,-277.0029726
2,850.8634688,0.76679301,0.676465361,1.925943125,-147.982984,-275.9102892
3,1046.274069,2.049900045,1.644063589,0.738229713,-144.4916285,-277.5309377
