,preds_1,preds_20,preds_21,preds_22,preds_3,preds_4
0,1113.628662109375,1.713692307472229,1.7604820728302002,1.868800401687622,-129.58570861816406,-245.6937255859375
1,1113.760009765625,1.7208383083343506,1.7722231149673462,1.8576186895370483,-129.26416015625,-243.33041381835938
2,1113.5504150390625,1.705492377281189,1.7528356313705444,1.8615367412567139,-128.6379852294922,-243.65023803710938
3,1113.604248046875,1.684064507484436,1.7505356073379517,1.8674709796905518,-127.96006774902344,-242.4874267578125
