,preds_1,preds_20,preds_21,preds_22,preds_3,preds_4
0,504.52679443359375,0.21845535933971405,0.1945822834968567,0.2090110033750534,-156.6804962158203,-293.11334228515625
1,532.1722412109375,0.2752555310726166,0.239650696516037,0.2588174343109131,-155.51260375976562,-292.13458251953125
2,546.4962158203125,0.30341511964797974,0.3195250332355499,0.299532949924469,-154.35098266601562,-290.17803955078125
3,559.1425170898438,0.37564724683761597,0.38605791330337524,0.3804672360420227,-153.53797912597656,-287.77935791015625
