,preds_1,preds_20,preds_21,preds_22,preds_3,preds_4
0,848.1448646,1.876211245,0.06958662,0.47108301,-146.7572123,-285.055655
1,847.4971327,1.892459194,0.491053891,1.56647837,-147.6296364,-272.137389
2,853.9424374,0.749663277,2.456836235,1.900839689,-146.5739345,-275.9102892
3,865.9411037,1.531117374,1.950774001,2.458234429,-146.295227,-277.5309377
