,preds_1,preds_20,preds_21,preds_22,preds_3,preds_4
0,853.886466912729,0.833669129558661,2.0643077819706663,2.068210540499235,-148.77344169489427,-285.9372431003826
1,853.8265488617155,0.4661037074916756,0.51752650173094,0.7079808928546449,-148.32034563025672,-284.4959266287811
2,870.9366564988528,0.7667930096586164,0.6764653605456841,1.4016599610665128,-147.9829839905474,-283.9461081967406
3,873.740590095881,1.1451957896017204,1.6440635885855517,0.7382297129469109,-145.4701324265575,-282.8090353847152
