,preds_1,preds_20,preds_21,preds_22,preds_3,preds_4
0,427.9915898285279,1.8762112453943975,3.691562263938955,-27.884956936958588,-149.85996784024155,-284.6280415625047
1,3654.8956091107193,-1.608944951243565,-4.290061606664235,6.658853592865099,-149.88002604872355,-277.00297259911
2,1365.997630619706,6.0122956491889825,-3.748231872148047,1.9259431245813832,-148.15917502988458,-275.91028915801576
3,983.1329594909082,2.0499000449119387,-3.1062644910137776,-7.2504296421039,-144.4916284607609,-277.53093769788694
