,preds_1,preds_20,preds_21,preds_22,preds_3,preds_4
0,899.3186595891331,1.388291296248977,1.6573593528922017,0.28064994390837233,-145.553847952,-274.8572783891692
1,1064.649521029425,1.6999274468954357,-0.06862104705862336,1.4617041128181263,-146.71098332103116,-276.57635428349226
2,806.1355662765513,1.2749528664068097,4.12880490528268,1.1619259034686849,-145.4692281547433,-275.72004540493623
3,842.2240150995525,1.35968187455382,-0.01888741460285802,0.7356253055304147,-144.08526790127797,-275.05898891638805
