,preds_1,preds_20,preds_21,preds_22,preds_3,preds_4
0,-828.6929179368232,-6.661071333950678,3.4259675778535064,5.80801515976721,-135.48403518174243,353.13137958304554
1,878.6118921938192,1.8083954512015687,96.28888167553157,3.245402007471214,-135.59992929361474,-252.54541252257135
2,972.1327168190094,2.9445857167560043,15.849967283915158,-1.1990203023359787,-122.23619040186907,112.29076045993963
3,994.3721290446912,-48.816517796521126,1.564461685875067,-1.3277171636044496,-393.3967286549168,-331.4741204579564
