,preds_1,preds_20,preds_21,preds_22,preds_3,preds_4
0,-851.6929179367855,-6.661071333950678,3.4259675778535064,5.80801515976721,-135.48403518174243,353.13137958304554
1,855.6118921938195,1.8083954512015687,96.28888167553157,3.245402007471214,-135.59992929361474,-252.54541252257135
2,949.1327168190084,2.9445857167560043,15.849967283915158,-1.1990203023359787,-122.23619040186907,112.29076045993963
3,971.3721290446924,-48.816517796521126,1.564461685875067,-1.3277171636044496,-393.3967286549168,-331.4741204579564
