,preds_1,preds_20,preds_21,preds_22,preds_3,preds_4
0,877.6769367732627,-6.661071333950678,-4.709733904172732,-1.2818969160588554,-126.56816727937978,-253.07077618446186
1,992.2633021889791,-59.47830974210115,-1.3288295644360153,-28.11076972664707,-283.9536594696286,-195.86599477239557
2,858.8609552874723,7.011118506995837,-1.7715071738123174,1.5316589682157105,285.68399360225374,112.29076045993963
3,910.3641497840886,2.4861971470690385,-3.001679758937839,-3.3472593882201447,-20.531595838966474,-331.4741204579564
