,preds_1,preds_20,preds_21,preds_22,preds_3,preds_4
0,688.0340268,1.388291296,0.861347641,0.957767061,-135.4840352,-279.3757262
1,862.7358502,1.808395451,1.194312057,1.779185082,-135.5999293,-252.5454125
2,949.1327168,1.324348262,3.51831159,0.561747615,-122.2361904,-275.7200454
3,971.372129,1.394937116,1.564461686,0.683296207,-145.967613,-275.0589889
