,preds_f,preds_r,relative_ef,relative_er,f_start,f_over,r_start,r_over
0,1.1475604,0.87682784,0.011632508899862238,0.015352409379913121,0.1,0.7,1.9,1.3
