,preds_f,preds_r,relative_ef,relative_er,f_start,f_over,r_start,r_over
0,1.1566242,0.87703323,0.008383572848414471,0.01485958170411769,0.1,0.7,1.9,1.3
