,preds_f,preds_r,relative_ef,relative_er,f_start,f_over,r_start,r_over
0,4.5900807,4.839058,0.000512355512808504,0.008109868165363712,3.141592653589793,4.084070449666731,6.283185307179586,5.340707511102648
