,preds_f,preds_r,relative_ef,relative_er,f_start,f_over,r_start,r_over
0,4.6048627,4.836048,0.02974007253331272,0.0021587278481566344,3.141592653589793,4.084070449666731,6.283185307179586,5.340707511102648
