,trans point,distance
0,0.2878119535736612,0.0729739286518024
1,0.2878119535736612,0.0852097990414669
2,0.2878119535736612,0.0675580515940821
3,0.2878119535736612,0.0783898057095228
4,0.2878119535736612,0.0771060422588039
5,0.2878119535736612,0.064188172535945
6,0.2878119535736612,0.0741373392790164
7,0.2878119535736612,0.0713291067305688
8,0.2878119535736612,0.071128518691394
9,0.2878119535736612,0.0866540329235257
