,trans point,distance
0,0.4800241218151665,0.0295090205537966
1,0.4800241218151665,0.0400723654454997
2,0.4800241218151665,0.0365143977084275
3,0.4800241218151665,0.038132569475853
4,0.4800241218151665,0.0345243479571837
5,0.4800241218151665,0.0342127745112819
6,0.4800241218151665,0.0308055681190009
7,0.4800241218151665,0.0338710487964218
8,0.4800241218151665,0.0315191718176792
9,0.4800241218151665,0.0391476958641137
