,trans point,distance
0,-0.0052081121850382,0.1081870495558411
1,-0.0052081121850382,0.0996390859824571
2,-0.0052081121850382,0.0994982959941896
3,-0.0052081121850382,0.1305324319794402
4,-0.0052081121850382,0.125101961003408
5,-0.0052081121850382,0.1205363428124476
6,-0.0052081121850382,0.0986535560645846
7,-0.0052081121850382,0.132986200346388
8,-0.0052081121850382,0.1149650818481479
9,-0.0052081121850382,0.1281591150343594
