,trans point,distance
0,5.882285825469404,0.3904379803482829
1,5.882285825469404,0.4610448487206922
2,5.882285825469404,0.3940383305769046
3,5.882285825469404,0.3826372215196025
4,5.882285825469404,0.4026391672341667
5,5.882285825469404,0.4194408016344004
6,5.882285825469404,0.4480435840062258
7,5.882285825469404,0.388637805233972
8,5.882285825469404,0.2900282128611726
9,5.882285825469404,0.229422317346045
