,trans point,distance
0,-0.0052085212128499,0.2822902262570392
1,-0.0052085212128499,0.3396260446101125
2,-0.0052085212128499,0.4125132768191747
3,-0.0052085212128499,0.3092446742419688
4,-0.0052085212128499,0.3920719854105292
5,-0.0052085212128499,0.370007414978256
6,-0.0052085212128499,0.2905869857111365
7,-0.0052085212128499,0.3812701657347842
8,-0.0052085212128499,0.4039359506202529
9,-0.0052085212128499,0.3711697629211006
