,trans point,distance
0,0.4798679120671761,0.095616567600717
1,0.4798679120671761,0.0888838569676384
2,0.4798679120671761,0.0866194924049438
3,0.4798679120671761,0.0856835550523634
4,0.4798679120671761,0.0791018020567978
5,0.4798679120671761,0.0806415699594301
6,0.4798679120671761,0.1018662137937541
7,0.4798679120671761,0.0722483253137088
8,0.4798679120671761,0.0963411642607793
9,0.4798679120671761,0.1036475139164072
