,trans point,distance
0,0.4798055757304877,0.0829051902340913
1,0.4798055757304877,0.1066182468294318
2,0.4798055757304877,0.0913324766746745
3,0.4798055757304877,0.0924789094362813
4,0.4798055757304877,0.0959584334320353
5,0.4798055757304877,0.1064171182747639
6,0.4798055757304877,0.0876920498351863
7,0.4798055757304877,0.1217028884295212
8,0.4798055757304877,0.074477903793508
9,0.4798055757304877,0.0943292921392256
