,trans point,distance
0,0.2877786829213059,0.0964160516323834
1,0.2877786829213059,0.096576477675033
2,0.2877786829213059,0.0709484173617663
3,0.2877786829213059,0.085346654689564
4,0.2877786829213059,0.0786889739196074
5,0.2877786829213059,0.0790900390262313
6,0.2877786829213059,0.0650527602943951
7,0.2877786829213059,0.0899990099264012
8,0.2877786829213059,0.0871915541800339
9,0.2877786829213059,0.0877530453293073
