,trans point,distance
0,0.9621301308002754,0.1303058743281564
1,0.9621301308002754,0.1335614811820655
2,0.9621301308002754,0.1540827243846829
3,0.9621301308002754,0.1329794799567998
4,0.9621301308002754,0.1075700264632135
5,0.9621301308002754,0.143256901593477
6,0.9621301308002754,0.133428280901644
7,0.9621301308002754,0.1286654708746755
8,0.9621301308002754,0.1383008911597707
9,0.9621301308002754,0.1255088642291877
