,trans point,distance
0,5.882216309281578,0.59329284708092
1,5.882216309281578,0.5824911566755357
2,5.882216309281578,0.6473012991078413
3,5.882216309281578,0.5964933479417747
4,5.882216309281578,0.703310064172797
5,5.882216309281578,0.6621036155892943
6,5.882216309281578,0.5876919705744248
7,5.882216309281578,0.6288984191579274
8,5.882216309281578,0.5864917827516045
9,5.882216309281578,0.5756900923462203
