,trans point,distance
0,0.2830120468121934,0.1125196031926146
1,0.2830120468121934,0.1267648734686027
2,0.2830120468121934,0.1070198469468217
3,0.2830120468121934,0.1057275544956245
4,0.2830120468121934,0.1258332207712279
5,0.2830120468121934,0.1076209132031925
6,0.2830120468121934,0.1298603646889123
7,0.2830120468121934,0.157268985979421
8,0.2830120468121934,0.1393271582267525
9,0.2830120468121934,0.1407096106164053
