,trans point,distance
0,0.283077551058579,0.1058576467073645
1,0.283077551058579,0.0817565334199246
2,0.283077551058579,0.0997568636446291
3,0.283077551058579,0.0893674113001688
4,0.283077551058579,0.0965252607351604
5,0.283077551058579,0.085622376152747
6,0.283077551058579,0.0787061418885569
7,0.283077551058579,0.0744476745031822
8,0.283077551058579,0.1099651046109884
9,0.283077551058579,0.1009951413949863
