,trans point,distance
0,0.2712690323778211,0.0924689274290215
1,0.2712690323778211,0.1296869193465529
2,0.2712690323778211,0.1332233799513681
3,0.2712690323778211,0.1116239208466043
4,0.2712690323778211,0.1344155578889687
5,0.2712690323778211,0.1076166000479468
6,0.2712690323778211,0.1182059452583992
7,0.2712690323778211,0.1014353077160176
8,0.2712690323778211,0.1111931338607486
9,0.2712690323778211,0.1236559015445734
