,trans point,distance
0,-0.0049216717729348,0.1555280652060813
1,-0.0049216717729348,0.1532735996300364
2,-0.0049216717729348,0.1917197525868547
3,-0.0049216717729348,0.1642152725591074
4,-0.0049216717729348,0.1434741892594948
5,-0.0049216717729348,0.1923510029481473
6,-0.0049216717729348,0.1466304410659575
7,-0.0049216717729348,0.1621411642291462
8,-0.0049216717729348,0.1536042545811896
9,-0.0049216717729348,0.192471241112203
