,trans point,distance
0,-0.0047526732825602,0.1662127855988922
1,-0.0047526732825602,0.1475313485652742
2,-0.0047526732825602,0.14281098546042
3,-0.0047526732825602,0.2227771367028233
4,-0.0047526732825602,0.1476913608739133
5,-0.0047526732825602,0.2061758596815139
6,-0.0047526732825602,0.1490514654973459
7,-0.0047526732825602,0.1812939456881298
8,-0.0047526732825602,0.2244172628663743
9,-0.0047526732825602,0.1496915147319024
