,trans point,distance
0,5.882157745059217,2.08287497750099
1,5.882157745059217,1.7542631484214688
2,5.882157745059217,2.2806820979876887
3,5.882157745059217,1.633858814212175
4,5.882157745059217,0.8698313114222973
5,5.882157745059217,2.0122724360128155
6,5.882157745059217,1.6150581374419524
7,5.882157745059217,1.8334659994960223
8,5.882157745059217,1.6690600813564205
9,5.882157745059217,1.106839843046906
