,trans point,distance
0,0.354708325854509,0.1163629836662478
1,0.354708325854509,0.1315033718813302
2,0.354708325854509,0.1359334854739864
3,0.354708325854509,0.131873381368753
4,0.354708325854509,0.1452937254801405
5,0.354708325854509,0.1097628144311392
6,0.354708325854509,0.1110728480217441
7,0.354708325854509,0.0951924408318161
8,0.354708325854509,0.1330834123951896
9,0.354708325854509,0.1719544090874124
