,trans point,distance
0,0.3546809244567092,0.0209451535012072
1,0.3546809244567092,0.0186685063815108
2,0.3546809244567092,0.0227664711969644
3,0.3546809244567092,0.0269058295964125
4,0.3546809244567092,0.0180476026215936
5,0.3546809244567092,0.026947223180407
6,0.3546809244567092,0.0188754743014832
7,0.3546809244567092,0.0199931010693342
8,0.3546809244567092,0.0210693342531907
9,0.3546809244567092,0.019372197309417
