,trans point,distance
0,0.9621301129638418,0.1829697326722412
1,0.9621301129638418,0.1661721021310949
2,0.9621301129638418,0.186229538599161
3,0.9621301129638418,0.193665352118822
4,0.9621301129638418,0.1971159583926516
5,0.9621301129638418,0.120992019985491
6,0.9621301129638418,0.1359728472233585
7,0.9621301129638418,0.2119515853665188
8,0.9621301129638418,0.1447178631233876
9,0.9621301129638418,0.1402100549273726
