,trans point,distance
0,0.3546984225177853,0.1359511289823692
1,0.3546984225177853,0.1187813176616145
2,0.3546984225177853,0.1340210330961954
3,0.3546984225177853,0.1384441695020104
4,0.3546984225177853,0.126340859882462
5,0.3546984225177853,0.1437921435199504
6,0.3546984225177853,0.1514321064027218
7,0.3546984225177853,0.1553325085060315
8,0.3546984225177853,0.1382833281781626
9,0.3546984225177853,0.1467274976801731
