,trans point,distance
0,5.882276785537689,1.2399245238236525
1,5.882276785537689,0.7991158052967826
2,5.882276785537689,1.4900294705195911
3,5.882276785537689,0.8706172194861459
4,5.882276785537689,1.1461226685654395
5,5.882276785537689,1.0659210822998872
6,5.882276785537689,1.5477306117605174
7,5.882276785537689,1.6316322712078968
8,5.882276785537689,1.4727291283451027
9,5.882276785537689,1.2450246246959005
