,trans point,distance
0,0.3547091181863643,0.0389764960826804
1,0.3547091181863643,0.0476779463243873
2,0.3547091181863643,0.0468078013002166
3,0.3547091181863643,0.0423970661776962
4,0.3547091181863643,0.0450675112518753
5,0.3547091181863643,0.0436272712118686
6,0.3547091181863643,0.059409901650275
7,0.3547091181863643,0.0457876312718786
8,0.3547091181863643,0.0578496416069344
9,0.3547091181863643,0.0571595265877646
