,trans point,distance
0,0.27127960901763,0.087360777205914
1,0.27127960901763,0.0773678108366739
2,0.27127960901763,0.0816075548428811
3,0.27127960901763,0.0855666538557696
4,0.27127960901763,0.0905380794517005
5,0.27127960901763,0.0819282919781024
6,0.27127960901763,0.0930839304625199
7,0.27127960901763,0.0870199939997413
8,0.27127960901763,0.0992080051381524
9,0.27127960901763,0.0830208028449502
