,trans point,distance
0,5.882282097042358,1.8844287435744895
1,5.882282097042358,1.960529904360957
2,5.882282097042358,2.332435577113744
3,5.882282097042358,1.6379249836025558
4,5.882282097042358,1.4990228649003186
5,5.882282097042358,2.188833386720358
6,5.882282097042358,1.5856241858478617
7,5.882282097042358,2.117632300675727
8,5.882282097042358,1.3151200597934682
9,5.882282097042358,1.0962167208163631
