,trans point,distance
0,0.9604113271817414,0.120019452672532
1,0.9604113271817414,0.1389450925159843
2,0.9604113271817414,0.1516395192410933
3,0.9604113271817414,0.1187978501007371
4,0.9604113271817414,0.1208546544308515
5,0.9604113271817414,0.1500259158440333
6,0.9604113271817414,0.1403850955475696
7,0.9604113271817414,0.1195154516114771
8,0.9604113271817414,0.1462299078524376
9,0.9604113271817414,0.167248352101794
