,trans point,distance
0,-0.0052156916223464,0.1105250238647211
1,-0.0052156916223464,0.1640874585208418
2,-0.0052156916223464,0.1384862948315832
3,-0.0052156916223464,0.1320060002727396
4,-0.0052156916223464,0.1234056093458793
5,-0.0052156916223464,0.113345152052366
6,-0.0052156916223464,0.1591672348743124
7,-0.0052156916223464,0.1410264102913768
8,-0.0052156916223464,0.1859484522023728
9,-0.0052156916223464,0.1403263784717487
