,trans point,distance
0,-0.0046408308491201,0.1621655928454659
1,-0.0046408308491201,0.1893682084815847
2,-0.0046408308491201,0.1962188671987691
3,-0.0046408308491201,0.185267814212905
4,-0.0046408308491201,0.1607654582171362
5,-0.0046408308491201,0.1800173093566689
6,-0.0046408308491201,0.1773670545244735
7,-0.0046408308491201,0.1686662179055678
8,-0.0046408308491201,0.1690162515626502
9,-0.0046408308491201,0.1810174055197615
