,trans point,distance
0,0.9630535685364876,0.1979832151991469
1,0.9630535685364876,0.1852262013328274
2,0.9630535685364876,0.1293026405463484
3,0.9630535685364876,0.170602185437158
4,0.9630535685364876,0.1472276600300652
5,0.9630535685364876,0.1812206969790184
6,0.9630535685364876,0.1571596708257292
7,0.9630535685364876,0.1763206916529256
8,0.9630535685364876,0.1134861233544819
9,0.9630535685364876,0.1589446727659487
