,trans point,distance
0,0.2877843491636488,0.0783902745300914
1,0.2877843491636488,0.1068192794619761
2,0.2877843491636488,0.0946296920158648
3,0.2877843491636488,0.0984790354198999
4,0.2877843491636488,0.0821995206070012
5,0.2877843491636488,0.0768264787722021
6,0.2877843491636488,0.0898581100879462
7,0.2877843491636488,0.0884547036385583
8,0.2877843491636488,0.0996418579065356
9,0.2877843491636488,0.0806357248491119
