,trans point,distance
0,0.2776492149853162,0.1124023204381299
1,0.2776492149853162,0.101077906913247
2,0.2776492149853162,0.0914772094293197
3,0.2776492149853162,0.0926998452258115
4,0.2776492149853162,0.0961673205175013
5,0.2776492149853162,0.1165111784427335
6,0.2776492149853162,0.1160501846178267
7,0.2776492149853162,0.1041244747995872
8,0.2776492149853162,0.0705520984205095
9,0.2776492149853162,0.0914571662195412
