,trans point,distance
0,0.96125227310425,0.2125500006847847
1,0.96125227310425,0.143573205750364
2,0.96125227310425,0.1392793936156777
3,0.96125227310425,0.1648000657393162
4,0.96125227310425,0.1730383890215343
5,0.96125227310425,0.1949036508146653
6,0.96125227310425,0.1675216734308162
7,0.96125227310425,0.2052552800692697
8,0.96125227310425,0.1634413618995009
9,0.96125227310425,0.1627511599489304
