,trans point,distance
0,-0.0047418536772094,0.2448576486913249
1,-0.0047418536772094,0.3645533279104264
2,-0.0047418536772094,0.2604124599263123
3,-0.0047418536772094,0.2168027178333892
4,-0.0047418536772094,0.2473898272644624
5,-0.0047418536772094,0.2165615579692809
6,-0.0047418536772094,0.2684511220632566
7,-0.0047418536772094,0.3372218766448155
8,-0.0047418536772094,0.3047054883008757
9,-0.0047418536772094,0.2829609072204412
