,trans point,distance
0,0.2926189922692133,0.0402713518872214
1,0.2926189922692133,0.0369964261937244
2,0.2926189922692133,0.0360753533424283
3,0.2926189922692133,0.0361265240563892
4,0.2926189922692133,0.0474864225557071
5,0.2926189922692133,0.0413971075943611
6,0.2926189922692133,0.0339773540700318
7,0.2926189922692133,0.035768329058663
8,0.2926189922692133,0.0519894453842655
9,0.2926189922692133,0.0436486190086403
