,trans point,distance
0,0.3546917972882007,0.0576343879219155
1,0.3546917972882007,0.0598557553610924
2,0.3546917972882007,0.0725175497644003
3,0.3546917972882007,0.0592095393787864
4,0.3546917972882007,0.069811520338494
5,0.3546917972882007,0.0602192518511395
6,0.3546917972882007,0.0553120492355034
7,0.3546917972882007,0.0603202230983748
8,0.3546917972882007,0.065893835945764
9,0.3546917972882007,0.0625012020386575
