,trans point,distance
0,0.4797858217541375,0.089280467297991
1,0.4797858217541375,0.1131728471546154
2,0.4797858217541375,0.085037613948137
3,0.4797858217541375,0.0840145145588104
4,0.4797858217541375,0.1143464023364899
5,0.4797858217541375,0.1014974776528896
6,0.4797858217541375,0.0878661828480396
7,0.4797858217541375,0.0893105584565006
8,0.4797858217541375,0.1124807505088946
9,0.4797858217541375,0.0905142047968846
