,trans point,distance
0,5.882274237801532,0.9333204855242644
1,5.882274237801532,0.611013411181105
2,5.882274237801532,0.8563187954081517
3,5.882274237801532,1.2814281261660696
4,5.882274237801532,0.6676146535261971
5,5.882274237801532,1.383630369411093
6,5.882274237801532,1.149825237603986
7,5.882274237801532,1.068823459689633
8,5.882274237801532,0.9562209881691874
9,5.882274237801532,1.1343248973858078
