,trans point,distance
0,0.2776550791584111,0.0867823005189168
1,0.2776550791584111,0.0853787050853853
2,0.2776550791584111,0.0635628217756392
3,0.2776550791584111,0.0776589302009623
4,0.2776550791584111,0.0688563816963864
5,0.2776550791584111,0.0713226993867345
6,0.2776550791584111,0.075292869327295
7,0.2776550791584111,0.0717036752901216
8,0.2776550791584111,0.1013796930276441
9,0.2776550791584111,0.0774383652042645
