,trans point,distance
0,5.882323188690359,0.7122466129982321
1,5.882323188690359,0.7274476078277372
2,5.882323188690359,0.7954520583807838
3,5.882323188690359,0.741648537207932
4,5.882323188690359,0.788451600235617
5,5.882323188690359,0.813053210288631
6,5.882323188690359,0.763649977092741
7,5.882323188690359,0.7398484193991752
8,5.882323188690359,0.8792575430329208
9,5.882323188690359,0.5594366123437391
