,trans point,distance
0,0.9612522470053928,0.202111485067564
1,0.9612522470053928,0.1783324279978271
2,0.9612522470053928,0.2365004676011222
3,0.9612522470053928,0.2369421686612047
4,0.9612522470053928,0.1596759832223597
5,0.9612522470053928,0.17534902083765
6,0.9612522470053928,0.1821481371555291
7,0.9612522470053928,0.1857258457420296
8,0.9612522470053928,0.1270111048266515
9,0.9612522470053928,0.200528781269075
