,trans point,distance
0,5.882322478367132,2.245748332122333
1,5.882322478367132,1.8249205363630363
2,5.882322478367132,2.4377610145980584
3,5.882322478367132,1.7433151463108532
4,5.882322478367132,1.6837112094590134
5,5.882322478367132,1.6069061364687238
6,5.882322478367132,1.637708170949204
7,5.882322478367132,2.22374687892199
8,5.882322478367132,1.9101261642116396
9,5.882322478367132,1.7989188189444487
