,trans point,distance
0,0.2831187779975553,0.100572678342038
1,0.2831187779975553,0.1212565504611623
2,0.2831187779975553,0.1151392120013335
3,0.2831187779975553,0.1376703991999111
4,0.2831187779975553,0.095878681009001
5,0.2831187779975553,0.0914572383598177
6,0.2831187779975553,0.0902458842093566
7,0.2831187779975553,0.0989373502389154
8,0.2831187779975553,0.1282521206800755
9,0.2831187779975553,0.1236186910545616
