,trans point,distance
0,0.4764779424897303,0.0601107340596535
1,0.4764779424897303,0.0778639042686193
2,0.4764779424897303,0.0867154849080192
3,0.4764779424897303,0.0679121271655652
4,0.4764779424897303,0.0666619039114127
5,0.4764779424897303,0.0552598678335417
6,0.4764779424897303,0.0818146097517413
7,0.4764779424897303,0.0611109126629755
8,0.4764779424897303,0.0585104482943382
9,0.4764779424897303,0.0731130559028397
