,trans point,distance
0,0.9612523041743471,0.0850327834426114
1,0.9612523041743471,0.1033427444758148
2,0.9612523041743471,0.1039734465781552
3,0.9612523041743471,0.1100655668852228
4,0.9612523041743471,0.0875891919639733
5,0.9612523041743471,0.116917889726299
6,0.9612523041743471,0.0899446998156661
7,0.9612523041743471,0.0723648412161372
8,0.9612523041743471,0.1041645472151573
9,0.9612523041743471,0.114124880416268
