,trans point,distance
0,-0.0047463923417631,0.0860922988998428
1,-0.0047463923417631,0.0881325903700528
2,-0.0047463923417631,0.0901728818402629
3,-0.0047463923417631,0.0700900128589798
4,-0.0047463923417631,0.0734904986426632
5,-0.0047463923417631,0.0840520074296328
6,-0.0047463923417631,0.0779311330190027
7,-0.0047463923417631,0.0706900985855122
8,-0.0047463923417631,0.05896842406058
9,-0.0047463923417631,0.0826118016859551
