,trans point,distance
0,0.3547101735615063,0.0961944132040487
1,0.3547101735615063,0.0959336150034955
2,0.3547101735615063,0.1164764886470713
3,0.3547101735615063,0.1361767834888598
4,0.3547101735615063,0.0889422170886652
5,0.3547101735615063,0.078981731967537
6,0.3547101735615063,0.1107589896349432
7,0.3547101735615063,0.0962846895042401
8,0.3547101735615063,0.0956026019027933
9,0.3547101735615063,0.1101872397337304
