,trans point,distance
0,5.882254224689033,1.3742219138708558
1,5.882254224689033,2.337287675306011
2,5.882254224689033,1.6494264334208832
3,5.882254224689033,0.7088692204767328
4,5.882254224689033,1.092114772783587
5,5.882254224689033,1.5915044353040289
6,5.882254224689033,1.9207294712324687
7,5.882254224689033,1.9015221765201449
8,5.882254224689033,1.0410953962039748
9,5.882254224689033,2.0350728975667773
