,trans point,distance
0,-0.0046429884550334,0.3022222222222221
1,-0.0046429884550334,0.2850709611000808
2,-0.0046429884550334,0.2551187587322596
3,-0.0046429884550334,0.292071475843812
4,-0.0046429884550334,0.238967571144937
5,-0.0046429884550334,0.2051150819913228
6,-0.0046429884550334,0.1999146996102654
7,-0.0046429884550334,0.276220310316935
8,-0.0046429884550334,0.2257666004853297
9,-0.0046429884550334,0.2032149422751672
