,trans point,distance
0,0.3546935582993463,0.1055924912006257
1,0.3546935582993463,0.122185596960724
2,0.3546935582993463,0.1390602826973573
3,0.3546935582993463,0.1471054248840717
4,0.3546935582993463,0.1040035756187496
5,0.3546935582993463,0.1046471869936867
6,0.3546935582993463,0.1162925303089557
7,0.3546935582993463,0.1374110285490809
8,0.3546935582993463,0.11363763338734
9,0.3546935582993463,0.1356209844125369
