,trans point,distance
0,0.4799738064055244,0.0884105250625074
1,0.4799738064055244,0.085455411358495
2,0.4799738064055244,0.0862650315513751
3,0.4799738064055244,0.0830670317894987
4,0.4799738064055244,0.0826622216930587
5,0.4799738064055244,0.1151684724371948
6,0.4799738064055244,0.0944421954994642
7,0.4799738064055244,0.0746469817835456
8,0.4799738064055244,0.0955756637694963
9,0.4799738064055244,0.0878842719371353
