,trans point,distance
0,5.882270908937463,0.7670804287281632
1,5.882270908937463,0.3235182715841
2,5.882270908937463,0.7610782344501645
3,5.882270908937463,0.9036303485526204
4,5.882270908937463,0.941444172504009
5,5.882270908937463,0.2520921596759224
6,5.882270908937463,1.059987509494472
7,5.882270908937463,1.1992384167440289
8,5.882270908937463,0.668944552282893
9,5.882270908937463,0.8141976538104485
