,trans point,distance
0,5.882254078798075,0.5913231347079311
1,5.882254078798075,0.5597218983528309
2,5.882254078798075,0.5302207441605695
3,5.882254078798075,0.460418013224305
4,5.882254078798075,0.6620259008568414
5,5.882254078798075,0.5815227512813497
6,5.882254078798075,0.472618490551274
7,5.882254078798075,0.5995234555342543
8,5.882254078798075,0.4791187448648228
9,5.882254078798075,0.4142162056418481
