,trans point,distance
0,-0.0049102053984299,0.0661533498225615
1,-0.0049102053984299,0.0903322937950317
2,-0.0049102053984299,0.0776857726637273
3,-0.0049102053984299,0.0760296806108183
4,-0.0049102053984299,0.0779567695451123
5,-0.0049102053984299,0.0702484138079363
6,-0.0049102053984299,0.0614861813098182
7,-0.0049102053984299,0.0699171953973545
8,-0.0049102053984299,0.0680804387568555
9,-0.0049102053984299,0.081780836649102
