,trans point,distance
0,-0.004925246262313,0.1773388669433471
1,-0.004925246262313,0.1818090904545227
2,-0.004925246262313,0.2533926696334816
3,-0.004925246262313,0.2035301765088253
4,-0.004925246262313,0.168248412420621
5,-0.004925246262313,0.1877793889694484
6,-0.004925246262313,0.1723286164308214
7,-0.004925246262313,0.2479323966198309
8,-0.004925246262313,0.1973198659932996
9,-0.004925246262313,0.2121406070303514
