,trans point,distance
0,5.882166728081861,2.9178827064259187
1,5.882166728081861,2.361666940672921
2,5.882166728081861,1.6612470875024794
3,5.882166728081861,1.98425624309079
4,5.882166728081861,2.8562809603446806
5,5.882166728081861,2.771278550979336
6,5.882166728081861,0.9984283001218852
7,5.882166728081861,2.0644585163978566
8,5.882166728081861,1.8190515604183783
9,5.882166728081861,1.5686444627115277
