,trans point,distance
0,0.2877997487883061,0.1443807428131811
1,0.2877997487883061,0.1325593941787408
2,0.2877997487883061,0.1323590323374791
3,0.2877997487883061,0.1065924995512245
4,0.2877997487883061,0.1375684402102833
5,0.2877997487883061,0.1574844072316963
6,0.2877997487883061,0.1319583086549557
7,0.2877997487883061,0.1237835455314783
8,0.2877997487883061,0.1450219007052186
9,0.2877997487883061,0.1205376837030388
