,trans point,distance
0,0.2924016100021743,0.1020801834311807
1,0.2924016100021743,0.090653674537943
2,0.2924016100021743,0.1120910186562296
3,0.2924016100021743,0.0889852020004348
4,0.2924016100021743,0.107995676973255
5,0.2924016100021743,0.0925243861709066
6,0.2924016100021743,0.1020296236573167
7,0.2924016100021743,0.1103719863448575
8,0.2924016100021743,0.1044564928027831
9,0.2924016100021743,0.0807439588606218
