,trans point,distance
0,-0.0049161467321563,0.2340988539315899
1,-0.0049161467321563,0.2282915173237754
2,-0.0049161467321563,0.2722226647196779
3,-0.0049161467321563,0.2606079915040489
4,-0.0049161467321563,0.2135475021018629
5,-0.0049161467321563,0.2010301340767291
6,-0.0049161467321563,0.2932554537811408
7,-0.0049161467321563,0.1536988362316917
8,-0.0049161467321563,0.2919014115668835
9,-0.0049161467321563,0.2081614230718174
