,trans point,distance
0,5.882348478862109,0.6944304842179196
1,5.882348478862109,1.6172709952148905
2,5.882348478862109,0.3718163220510115
3,5.882348478862109,1.2488548224241622
4,5.882348478862109,0.8242361824487467
5,5.882348478862109,1.2022527766802753
6,5.882348478862109,1.123249308573686
7,5.882348478862109,1.3402588348917863
8,5.882348478862109,1.2140532947012597
9,5.882348478862109,1.13564985293472
