,trans point,distance
0,0.9596008725288416,0.1440265169188648
1,0.9596008725288416,0.1218036525895205
2,0.9596008725288416,0.0957395771408811
3,0.9596008725288416,0.1587739596088304
4,0.9596008725288416,0.13077847856928
5,0.9596008725288416,0.1494706326781472
6,0.9596008725288416,0.1339545877632804
7,0.9596008725288416,0.1402384059532804
8,0.9596008725288416,0.1565536531816276
9,0.9596008725288416,0.1298919760030883
