,trans point,distance
0,0.2712735100849296,0.0925414669068716
1,0.2712735100849296,0.0944451999852935
2,0.2712735100849296,0.0884133720210302
3,0.2712735100849296,0.0941546301996397
4,0.2712735100849296,0.0939141586528916
5,0.2712735100849296,0.111308267201
6,0.2712735100849296,0.1154063031434979
7,0.2712735100849296,0.0884734899077172
8,0.2712735100849296,0.0995752596492518
9,0.2712735100849296,0.0925013883157469
