,trans point,distance
0,0.2830992873837515,0.0723821443060185
1,0.2830992873837515,0.0600005897174942
2,0.2830992873837515,0.0558229502719775
3,0.2830992873837515,0.0756516012633795
4,0.2830992873837515,0.0519177655729075
5,0.2830992873837515,0.079011876469556
6,0.2830992873837515,0.0670844131251096
7,0.2830992873837515,0.0688705053518161
8,0.2830992873837515,0.0598794987190735
9,0.2830992873837515,0.0548844950342164
