,trans point,distance
0,0.2776394777176518,0.1359129395986026
1,0.2776394777176518,0.1066985704500308
2,0.2776394777176518,0.109904536886088
3,0.2776394777176518,0.107720472251524
4,0.2776394777176518,0.1213458296047674
5,0.2776394777176518,0.1074599874785944
6,0.2776394777176518,0.1084818892800876
7,0.2776394777176518,0.1115475946845674
8,0.2776394777176518,0.1066985704500308
9,0.2776394777176518,0.1119483404890746
